anonymised_id,survey_round,age,gender,province,education_level,work_readiness_score,years_unemployed,has_internet_access,household_size,employed_status
ID_TR6_1,3,41,Other,Northern Cape,Grade 10-11,46,0,Yes,4,1
ID_TR6_2,3,35,Female,Eastern Cape,Matric (Grade 12),20,2,Yes,2,0
ID_TR6_3,2,24,Female,Eastern Cape,University Degree,33,5,No,3,0
ID_TR6_4,1,18,Other,Gauteng,None,34,0,Yes,2,0
ID_TR6_5,1,43,Male,Gauteng,University Degree,50,1,Yes,6,0
ID_TR6_6,1,38,Male,Gauteng,Grade 10-11,52,7,Yes,1,0
ID_TR6_7,1,26,Male,Western Cape,Primary,54,1,Yes,1,1
ID_TR6_8,3,38,Female,Limpopo,Matric (Grade 12),66,4,Yes,4,0
ID_TR6_9,3,28,Female,Western Cape,Primary,26,5,Yes,3,0
ID_TR6_10,5,37,Female,Western Cape,Primary,36,4,No,5,0
ID_TR6_11,2,31,Male,Western Cape,Tertiary Certificate,61,8,No,5,0
ID_TR6_12,2,26,Female,Eastern Cape,Tertiary Certificate,35,0,Yes,8,0
ID_TR6_13,1,31,Male,North West,Grade 10-11,55,6,No,3,0
ID_TR6_14,4,18,Female,Mpumalanga,Grade 10-11,69,0,Yes,7,1
ID_TR6_15,2,37,Female,KwaZulu-Natal,Matric (Grade 12),82,7,No,2,1
ID_TR6_16,2,19,Female,Mpumalanga,Matric (Grade 12),32,1,Yes,4,0
ID_TR6_17,5,23,Male,Free State,University Degree,91,6,Yes,2,1
ID_TR6_18,1,39,Male,Limpopo,None,63,0,Yes,8,1
ID_TR6_19,3,38,Female,Mpumalanga,Matric (Grade 12),50,4,Yes,2,0
ID_TR6_20,4,23,Other,Free State,Tertiary Certificate,91,3,Yes,4,1
ID_TR6_21,2,39,Male,KwaZulu-Natal,Grade 10-11,42,8,Yes,8,0
ID_TR6_22,4,24,Other,Mpumalanga,Primary,20,3,Yes,4,0
ID_TR6_23,3,27,Male,Western Cape,Grade 10-11,50,7,Yes,1,0
ID_TR6_24,4,21,Female,North West,Matric (Grade 12),38,3,Yes,8,0
ID_TR6_25,4,24,Female,Mpumalanga,None,47,2,Yes,5,0
ID_TR6_26,2,18,Male,Free State,None,26,0,Yes,2,0
ID_TR6_27,5,23,Male,Limpopo,Matric (Grade 12),15,1,Yes,5,0
ID_TR6_28,3,42,Other,Gauteng,Matric (Grade 12),55,6,Yes,1,0
ID_TR6_29,1,24,Female,Western Cape,Tertiary Certificate,49,2,Yes,1,1
ID_TR6_30,2,20,Male,KwaZulu-Natal,Matric (Grade 12),78,2,Yes,1,0
ID_TR6_31,3,42,Other,Mpumalanga,None,26,6,No,3,0
ID_TR6_32,5,35,Male,Limpopo,Grade 10-11,54,0,No,7,0
ID_TR6_33,1,31,Male,Northern Cape,Matric (Grade 12),39,0,Yes,3,0
ID_TR6_34,2,44,Male,KwaZulu-Natal,Grade 10-11,76,1,Yes,1,1
ID_TR6_35,5,25,Female,Limpopo,University Degree,86,6,Yes,1,1
ID_TR6_36,2,39,Female,North West,Primary,39,2,Yes,1,0
ID_TR6_37,5,21,Female,Western Cape,University Degree,50,3,Yes,3,1
ID_TR6_38,4,34,Female,North West,Primary,30,5,Yes,6,0
ID_TR6_39,5,40,Female,Gauteng,Matric (Grade 12),75,3,No,6,0
ID_TR6_40,2,32,Male,Western Cape,Matric (Grade 12),36,1,No,4,0
ID_TR6_41,5,21,Female,Northern Cape,University Degree,31,2,No,1,1
ID_TR6_42,2,44,Female,Gauteng,University Degree,32,8,Yes,8,0
ID_TR6_43,2,45,Male,Western Cape,Matric (Grade 12),24,5,Yes,2,0
ID_TR6_44,5,44,Female,KwaZulu-Natal,Primary,52,4,Yes,6,0
ID_TR6_45,4,23,Female,Western Cape,Tertiary Certificate,59,5,No,3,1
ID_TR6_46,2,29,Male,Gauteng,Primary,25,3,No,2,1
ID_TR6_47,3,26,Male,KwaZulu-Natal,Tertiary Certificate,43,1,No,6,0
ID_TR6_48,2,20,Other,Free State,Tertiary Certificate,60,2,Yes,4,1
ID_TR6_49,5,19,Male,Gauteng,None,18,1,Yes,8,0
ID_TR6_50,4,40,Male,Eastern Cape,Grade 10-11,61,0,No,4,1
ID_TR6_51,4,41,Female,KwaZulu-Natal,Primary,37,7,Yes,2,0
ID_TR6_52,2,29,Female,North West,Matric (Grade 12),60,0,Yes,8,0
ID_TR6_53,3,30,Male,Mpumalanga,Matric (Grade 12),47,3,Yes,6,0
ID_TR6_54,5,26,Female,North West,Matric (Grade 12),19,7,Yes,5,0
ID_TR6_55,2,32,Other,Eastern Cape,Tertiary Certificate,28,4,Yes,3,1
ID_TR6_56,4,38,Male,Eastern Cape,Primary,58,1,Yes,7,0
ID_TR6_57,3,21,Female,Western Cape,Tertiary Certificate,48,3,Yes,2,0
ID_TR6_58,3,35,Female,Eastern Cape,Tertiary Certificate,89,6,Yes,5,1
ID_TR6_59,5,41,Female,Northern Cape,University Degree,42,2,Yes,1,0
ID_TR6_60,4,23,Female,Mpumalanga,Matric (Grade 12),61,5,Yes,5,1
ID_TR6_61,3,29,Male,Northern Cape,Grade 10-11,29,7,Yes,4,0
ID_TR6_62,3,23,Male,Free State,Primary,69,3,Yes,1,0
ID_TR6_63,3,44,Male,Eastern Cape,Matric (Grade 12),44,4,Yes,7,1
ID_TR6_64,3,21,Male,Western Cape,None,47,1,Yes,7,0
ID_TR6_65,5,42,Female,Limpopo,University Degree,87,4,Yes,4,1
ID_TR6_66,4,44,Male,Limpopo,Grade 10-11,74,0,Yes,4,1
ID_TR6_67,1,33,Other,KwaZulu-Natal,None,67,4,Yes,5,0
ID_TR6_68,3,25,Male,Free State,Matric (Grade 12),67,8,Yes,8,0
ID_TR6_69,5,31,Male,Free State,Tertiary Certificate,93,5,Yes,8,1
ID_TR6_70,5,29,Female,Northern Cape,Primary,80,7,No,8,0
ID_TR6_71,4,33,Male,North West,Matric (Grade 12),51,7,Yes,6,0
ID_TR6_72,4,32,Male,Northern Cape,Matric (Grade 12),40,8,Yes,1,0
ID_TR6_73,4,31,Female,Eastern Cape,Primary,65,8,Yes,4,0
ID_TR6_74,3,31,Female,Free State,Grade 10-11,63,4,No,7,0
ID_TR6_75,5,42,Female,Gauteng,None,69,3,Yes,8,0
ID_TR6_76,1,39,Female,Free State,Matric (Grade 12),38,1,Yes,6,1
ID_TR6_77,2,36,Female,Gauteng,Grade 10-11,84,4,Yes,4,1
ID_TR6_78,3,37,Female,Eastern Cape,University Degree,39,2,Yes,1,1
ID_TR6_79,5,29,Female,Western Cape,Matric (Grade 12),83,2,Yes,6,0
ID_TR6_80,4,45,Female,Western Cape,Tertiary Certificate,54,3,Yes,7,0
ID_TR6_81,1,27,Female,Western Cape,Grade 10-11,37,4,Yes,1,0
ID_TR6_82,5,26,Other,Limpopo,Matric (Grade 12),52,4,Yes,2,0
ID_TR6_83,1,41,Male,Eastern Cape,Grade 10-11,78,8,Yes,2,0
ID_TR6_84,1,28,Female,Western Cape,Primary,41,2,Yes,5,0
ID_TR6_85,3,36,Male,Western Cape,Primary,82,3,Yes,7,0
ID_TR6_86,4,20,Other,Mpumalanga,University Degree,89,2,Yes,4,1
ID_TR6_87,5,35,Other,Limpopo,Matric (Grade 12),73,2,Yes,7,0
ID_TR6_88,5,25,Male,Western Cape,Grade 10-11,76,1,No,1,0
ID_TR6_89,1,31,Male,Western Cape,Matric (Grade 12),48,0,Yes,1,1
ID_TR6_90,5,25,Male,Gauteng,Matric (Grade 12),34,1,No,6,0
ID_TR6_91,1,38,Male,Eastern Cape,Matric (Grade 12),76,4,Yes,2,0
ID_TR6_92,1,19,Female,Gauteng,Grade 10-11,60,1,No,8,0
ID_TR6_93,5,42,Female,Western Cape,University Degree,76,1,No,1,1
ID_TR6_94,3,18,Other,Northern Cape,Primary,23,0,No,6,0
ID_TR6_95,5,22,Female,Limpopo,Matric (Grade 12),31,5,Yes,3,0
ID_TR6_96,5,23,Female,Northern Cape,Primary,41,6,No,3,0
ID_TR6_97,5,22,Female,Gauteng,University Degree,64,0,No,5,0
ID_TR6_98,1,44,Other,Western Cape,University Degree,64,3,No,4,0
ID_TR6_99,3,39,Other,Western Cape,Primary,43,8,No,1,0
ID_TR6_100,4,39,Female,Limpopo,Grade 10-11,17,7,No,1,0
ID_TR6_101,1,39,Female,Western Cape,Grade 10-11,40,6,Yes,6,0
ID_TR6_102,5,27,Female,Mpumalanga,Primary,78,7,No,1,0
ID_TR6_103,2,21,Male,Eastern Cape,University Degree,46,2,Yes,4,1
ID_TR6_104,2,38,Female,Limpopo,University Degree,94,8,Yes,2,1
ID_TR6_105,3,41,Other,Northern Cape,Matric (Grade 12),37,8,Yes,2,0
ID_TR6_106,4,18,Male,Northern Cape,Matric (Grade 12),27,0,Yes,6,1
ID_TR6_107,4,30,Male,Western Cape,Matric (Grade 12),37,3,Yes,5,0
ID_TR6_108,2,21,Male,Western Cape,None,52,3,Yes,3,0
ID_TR6_109,5,21,Other,Free State,Matric (Grade 12),61,2,No,3,0
ID_TR6_110,4,39,Male,Mpumalanga,Grade 10-11,29,1,No,4,0
ID_TR6_111,3,33,Female,KwaZulu-Natal,Grade 10-11,77,8,No,1,0
ID_TR6_112,3,35,Female,Western Cape,None,8,2,Yes,8,0
ID_TR6_113,5,43,Other,Gauteng,Matric (Grade 12),25,7,Yes,7,0
ID_TR6_114,1,41,Female,Gauteng,Tertiary Certificate,67,3,Yes,4,0
ID_TR6_115,2,23,Female,Gauteng,University Degree,95,4,Yes,4,1
ID_TR6_116,3,44,Male,Northern Cape,University Degree,89,2,No,8,1
ID_TR6_117,2,32,Male,Mpumalanga,Matric (Grade 12),73,0,No,3,0
ID_TR6_118,1,40,Female,Western Cape,Matric (Grade 12),54,5,Yes,1,0
ID_TR6_119,5,27,Male,KwaZulu-Natal,Matric (Grade 12),40,3,Yes,1,0
ID_TR6_120,4,31,Male,Eastern Cape,Matric (Grade 12),57,7,No,7,0
ID_TR6_121,5,39,Male,Limpopo,Tertiary Certificate,23,8,Yes,5,0
ID_TR6_122,4,37,Female,Free State,Matric (Grade 12),80,2,No,6,1
ID_TR6_123,5,21,Other,Gauteng,Grade 10-11,22,3,No,5,0
ID_TR6_124,1,25,Female,Northern Cape,None,56,3,No,3,0
ID_TR6_125,4,34,Male,North West,None,65,0,Yes,1,0
ID_TR6_126,5,36,Male,Eastern Cape,University Degree,92,2,Yes,8,1
ID_TR6_127,5,23,Male,Western Cape,None,73,7,No,1,0
ID_TR6_128,3,26,Female,Gauteng,University Degree,96,3,Yes,1,1
ID_TR6_129,4,30,Male,Limpopo,Primary,33,2,No,2,0
ID_TR6_130,2,30,Female,Northern Cape,Matric (Grade 12),67,0,Yes,6,1
ID_TR6_131,1,19,Male,Limpopo,Grade 10-11,61,1,Yes,3,1
ID_TR6_132,5,41,Female,KwaZulu-Natal,Primary,76,1,No,7,1
ID_TR6_133,3,43,Male,Gauteng,Matric (Grade 12),41,6,Yes,5,0
ID_TR6_134,3,33,Female,Limpopo,University Degree,32,5,Yes,7,0
ID_TR6_135,3,45,Male,Gauteng,University Degree,89,4,Yes,8,1
ID_TR6_136,5,18,Male,KwaZulu-Natal,Matric (Grade 12),42,0,No,1,1
ID_TR6_137,2,42,Female,Northern Cape,Primary,59,3,No,8,1
ID_TR6_138,4,45,Other,Mpumalanga,Matric (Grade 12),74,6,No,5,1
ID_TR6_139,3,19,Female,Mpumalanga,Grade 10-11,68,1,No,5,1
ID_TR6_140,3,25,Female,Northern Cape,Tertiary Certificate,78,3,No,5,1
ID_TR6_141,4,36,Female,Free State,Matric (Grade 12),75,0,Yes,3,1
ID_TR6_142,4,37,Other,Mpumalanga,Matric (Grade 12),15,2,Yes,2,0
ID_TR6_143,4,30,Other,Gauteng,Primary,55,5,Yes,5,1
ID_TR6_144,5,25,Female,Mpumalanga,None,26,6,Yes,2,0
ID_TR6_145,3,25,Male,Northern Cape,Matric (Grade 12),28,5,No,4,0
ID_TR6_146,3,23,Male,Free State,Tertiary Certificate,25,8,No,8,0
ID_TR6_147,4,27,Female,Mpumalanga,Primary,51,6,Yes,4,0
ID_TR6_148,1,27,Male,Free State,Primary,18,4,Yes,3,0
ID_TR6_149,5,42,Female,Gauteng,None,5,8,Yes,7,0
ID_TR6_150,5,20,Male,Gauteng,University Degree,92,2,Yes,1,1
ID_TR6_151,1,42,Female,Gauteng,None,19,6,Yes,7,0
ID_TR6_152,4,37,Male,KwaZulu-Natal,Grade 10-11,48,8,No,5,0
ID_TR6_153,2,26,Other,Eastern Cape,University Degree,47,5,Yes,4,1
ID_TR6_154,3,19,Female,Western Cape,Primary,33,0,Yes,8,1
ID_TR6_155,4,29,Male,Gauteng,Matric (Grade 12),38,2,Yes,5,0
ID_TR6_156,3,40,Male,Mpumalanga,Primary,47,6,No,8,0
ID_TR6_157,5,39,Female,Gauteng,Primary,17,1,No,8,0
ID_TR6_158,1,24,Female,Eastern Cape,Matric (Grade 12),68,7,Yes,1,1
ID_TR6_159,4,40,Male,Gauteng,Primary,58,8,No,3,0
ID_TR6_160,5,29,Male,Mpumalanga,Tertiary Certificate,89,7,Yes,4,1
ID_TR6_161,2,21,Male,Eastern Cape,Primary,33,3,No,5,1
ID_TR6_162,5,33,Female,Gauteng,Matric (Grade 12),30,2,Yes,7,1
ID_TR6_163,5,19,Female,Mpumalanga,Grade 10-11,47,1,Yes,6,0
ID_TR6_164,5,27,Male,Limpopo,Matric (Grade 12),57,0,Yes,7,1
ID_TR6_165,4,24,Other,North West,Matric (Grade 12),42,5,No,5,0
ID_TR6_166,2,32,Male,Western Cape,Tertiary Certificate,71,8,Yes,1,1
ID_TR6_167,5,22,Other,Limpopo,None,50,8,Yes,7,0
ID_TR6_168,4,34,Male,Western Cape,None,34,7,Yes,6,0
ID_TR6_169,4,41,Female,KwaZulu-Natal,Grade 10-11,72,7,Yes,2,0
ID_TR6_170,5,40,Male,Mpumalanga,None,45,7,Yes,7,0
ID_TR6_171,4,43,Other,Limpopo,Primary,62,1,Yes,1,1
ID_TR6_172,1,20,Male,Free State,Grade 10-11,32,0,Yes,4,1
ID_TR6_173,1,18,Male,Western Cape,Grade 10-11,58,0,No,5,1
ID_TR6_174,2,33,Male,Western Cape,Primary,84,1,Yes,4,0
ID_TR6_175,1,36,Male,North West,Matric (Grade 12),37,6,Yes,6,0
ID_TR6_176,1,19,Female,Limpopo,Primary,43,1,No,2,1
ID_TR6_177,5,25,Male,Northern Cape,Grade 10-11,85,6,Yes,4,1
ID_TR6_178,5,32,Female,North West,Primary,26,6,Yes,5,0
ID_TR6_179,5,28,Male,Gauteng,University Degree,47,5,Yes,1,1
ID_TR6_180,2,26,Female,KwaZulu-Natal,University Degree,30,2,Yes,8,1
ID_TR6_181,2,41,Other,Free State,None,32,0,Yes,6,1
ID_TR6_182,4,20,Male,Free State,University Degree,50,2,Yes,4,1
ID_TR6_183,2,27,Female,Western Cape,Matric (Grade 12),78,7,No,7,1
ID_TR6_184,3,44,Male,Western Cape,Matric (Grade 12),41,4,Yes,5,0
ID_TR6_185,5,30,Other,Gauteng,Matric (Grade 12),25,8,Yes,1,0
ID_TR6_186,1,20,Other,Northern Cape,Primary,72,2,Yes,1,0
ID_TR6_187,3,37,Male,Eastern Cape,Grade 10-11,57,3,Yes,3,1
ID_TR6_188,5,30,Other,Eastern Cape,None,31,4,Yes,1,0
ID_TR6_189,1,30,Female,Gauteng,Matric (Grade 12),53,5,No,7,0
ID_TR6_190,2,32,Female,Northern Cape,University Degree,29,7,No,6,0
ID_TR6_191,2,22,Male,Western Cape,Grade 10-11,83,3,No,5,1
ID_TR6_192,4,19,Male,Free State,University Degree,29,1,No,2,1
ID_TR6_193,3,27,Female,Free State,University Degree,70,2,No,3,1
ID_TR6_194,5,32,Male,Western Cape,None,44,0,Yes,8,0
ID_TR6_195,4,36,Female,Gauteng,Matric (Grade 12),27,7,No,5,0
ID_TR6_196,1,35,Female,Gauteng,Matric (Grade 12),19,3,Yes,2,0
ID_TR6_197,3,39,Female,Eastern Cape,None,26,3,Yes,1,0
ID_TR6_198,2,35,Male,Gauteng,Matric (Grade 12),47,8,Yes,8,0
ID_TR6_199,2,34,Female,Gauteng,Tertiary Certificate,92,6,Yes,2,1
ID_TR6_200,5,24,Male,Western Cape,University Degree,60,3,Yes,4,1
ID_TR6_201,3,30,Female,Free State,Grade 10-11,56,8,Yes,8,1
ID_TR6_202,4,34,Male,Limpopo,Matric (Grade 12),15,2,No,5,0
ID_TR6_203,3,45,Female,Western Cape,Grade 10-11,16,7,Yes,3,0
ID_TR6_204,3,39,Female,Limpopo,University Degree,94,0,Yes,3,1
ID_TR6_205,1,26,Female,North West,Matric (Grade 12),36,1,No,4,0
ID_TR6_206,1,30,Male,Gauteng,Primary,68,3,Yes,7,0
ID_TR6_207,1,41,Female,Western Cape,Matric (Grade 12),30,8,Yes,3,0
ID_TR6_208,3,35,Male,Eastern Cape,Primary,81,7,Yes,7,0
ID_TR6_209,3,27,Female,Gauteng,University Degree,90,3,No,7,1
ID_TR6_210,5,28,Female,KwaZulu-Natal,Primary,39,8,No,4,0
ID_TR6_211,5,27,Male,North West,Grade 10-11,77,7,Yes,8,1
ID_TR6_212,3,40,Female,KwaZulu-Natal,Matric (Grade 12),22,8,No,5,0
ID_TR6_213,3,24,Female,Gauteng,Primary,22,7,No,3,0
ID_TR6_214,5,37,Male,North West,Matric (Grade 12),33,3,Yes,1,0
ID_TR6_215,4,33,Female,Mpumalanga,Primary,53,8,Yes,8,0
ID_TR6_216,2,21,Female,Western Cape,University Degree,42,3,Yes,4,0
ID_TR6_217,4,24,Male,Eastern Cape,Matric (Grade 12),25,5,Yes,2,0
ID_TR6_218,5,36,Other,KwaZulu-Natal,Matric (Grade 12),53,6,No,4,0
ID_TR6_219,3,28,Male,Northern Cape,University Degree,41,2,No,6,0
ID_TR6_220,3,33,Male,Northern Cape,University Degree,94,8,Yes,3,0
ID_TR6_221,2,23,Female,North West,Tertiary Certificate,48,4,No,3,1
ID_TR6_222,4,32,Other,Mpumalanga,Grade 10-11,21,1,No,3,1
ID_TR6_223,3,27,Male,Northern Cape,None,61,3,No,6,1
ID_TR6_224,2,21,Other,Gauteng,University Degree,45,3,Yes,5,0
ID_TR6_225,5,38,Male,Free State,University Degree,28,4,Yes,2,1
ID_TR6_226,3,34,Male,Eastern Cape,None,64,4,Yes,4,0
ID_TR6_227,1,30,Male,Eastern Cape,Primary,15,0,Yes,4,0
ID_TR6_228,3,21,Other,Limpopo,Grade 10-11,36,2,No,2,0
ID_TR6_229,4,21,Female,North West,Grade 10-11,79,3,Yes,5,0
ID_TR6_230,2,44,Male,Gauteng,Tertiary Certificate,79,5,No,7,1
ID_TR6_231,5,19,Female,Limpopo,University Degree,84,1,No,1,1
ID_TR6_232,1,24,Female,Western Cape,University Degree,74,7,Yes,2,1
ID_TR6_233,2,37,Other,Gauteng,Matric (Grade 12),75,2,No,3,1
ID_TR6_234,4,26,Female,North West,University Degree,31,4,No,2,0
ID_TR6_235,4,24,Female,Western Cape,None,74,6,No,8,1
ID_TR6_236,4,44,Other,Free State,University Degree,32,1,Yes,5,1
ID_TR6_237,2,28,Female,Western Cape,Tertiary Certificate,34,1,Yes,3,1
ID_TR6_238,5,44,Female,KwaZulu-Natal,Primary,72,6,Yes,1,0
ID_TR6_239,1,32,Male,Limpopo,Tertiary Certificate,72,1,No,5,0
ID_TR6_240,3,34,Other,Gauteng,None,56,1,No,5,0
ID_TR6_241,2,18,Other,Western Cape,Grade 10-11,29,0,Yes,3,1
ID_TR6_242,5,18,Male,Limpopo,Primary,52,0,Yes,1,1
ID_TR6_243,5,44,Female,Western Cape,University Degree,26,2,Yes,1,1
ID_TR6_244,1,29,Other,Gauteng,University Degree,47,3,Yes,2,1
ID_TR6_245,5,36,Female,Western Cape,University Degree,71,7,Yes,2,0
ID_TR6_246,2,30,Male,Gauteng,University Degree,87,7,No,1,1
ID_TR6_247,4,29,Female,KwaZulu-Natal,Matric (Grade 12),75,8,Yes,4,0
ID_TR6_248,5,37,Other,Mpumalanga,Tertiary Certificate,26,0,Yes,6,1
ID_TR6_249,3,44,Male,Gauteng,Matric (Grade 12),37,6,Yes,2,0
ID_TR6_250,3,18,Other,North West,Matric (Grade 12),69,0,Yes,1,1
ID_TR6_251,4,37,Male,Northern Cape,Matric (Grade 12),26,0,Yes,4,1
ID_TR6_252,5,34,Female,Gauteng,University Degree,54,5,Yes,4,1
ID_TR6_253,3,23,Male,Eastern Cape,Matric (Grade 12),79,4,No,4,1
ID_TR6_254,1,44,Female,Northern Cape,Matric (Grade 12),35,1,Yes,2,0
ID_TR6_255,2,36,Male,Gauteng,University Degree,59,5,Yes,8,1
ID_TR6_256,1,22,Other,Mpumalanga,Grade 10-11,40,8,No,2,0
ID_TR6_257,4,21,Female,Western Cape,Matric (Grade 12),69,2,Yes,7,0
ID_TR6_258,1,23,Male,Western Cape,Tertiary Certificate,82,2,No,2,1
ID_TR6_259,2,29,Male,Mpumalanga,Grade 10-11,72,1,Yes,3,1
ID_TR6_260,1,34,Male,Northern Cape,Grade 10-11,21,4,Yes,3,0
ID_TR6_261,3,31,Other,KwaZulu-Natal,Tertiary Certificate,78,1,Yes,5,1
ID_TR6_262,4,33,Female,KwaZulu-Natal,Primary,78,4,Yes,5,0
ID_TR6_263,4,30,Female,Western Cape,Grade 10-11,81,2,Yes,3,1
ID_TR6_264,4,45,Male,North West,None,73,0,Yes,5,0
ID_TR6_265,1,42,Female,Mpumalanga,None,54,2,Yes,6,0
ID_TR6_266,2,25,Other,North West,Primary,30,1,Yes,7,1
ID_TR6_267,1,40,Female,North West,Matric (Grade 12),81,6,Yes,8,1
ID_TR6_268,4,34,Male,KwaZulu-Natal,Grade 10-11,54,6,Yes,4,0
ID_TR6_269,2,31,Female,Free State,Grade 10-11,60,8,Yes,8,1
ID_TR6_270,3,23,Male,Limpopo,University Degree,80,5,Yes,1,1
ID_TR6_271,2,40,Female,Mpumalanga,Tertiary Certificate,30,5,Yes,5,0
ID_TR6_272,3,24,Other,Northern Cape,Tertiary Certificate,50,1,Yes,1,1
ID_TR6_273,4,19,Female,North West,Primary,84,1,Yes,4,1
ID_TR6_274,1,36,Female,Gauteng,Primary,33,1,Yes,1,0
ID_TR6_275,4,27,Female,North West,Grade 10-11,66,1,Yes,7,1
ID_TR6_276,3,39,Female,Western Cape,Matric (Grade 12),42,3,Yes,8,1
ID_TR6_277,3,18,Female,Free State,None,61,0,No,7,1
ID_TR6_278,5,33,Male,Free State,Matric (Grade 12),80,1,No,3,1
ID_TR6_279,2,20,Female,Limpopo,Grade 10-11,46,2,Yes,2,0
ID_TR6_280,4,28,Other,Mpumalanga,Tertiary Certificate,46,8,Yes,4,1
ID_TR6_281,3,29,Female,Western Cape,Grade 10-11,35,5,Yes,6,0
ID_TR6_282,1,28,Male,Northern Cape,Matric (Grade 12),33,5,No,1,1
ID_TR6_283,3,20,Male,Mpumalanga,None,33,0,No,4,1
ID_TR6_284,1,31,Other,Western Cape,Grade 10-11,48,1,Yes,1,0
ID_TR6_285,2,30,Male,Gauteng,University Degree,44,7,No,7,1
ID_TR6_286,2,45,Female,Free State,Grade 10-11,30,2,No,2,0
ID_TR6_287,2,38,Male,Northern Cape,Tertiary Certificate,84,2,Yes,4,1
ID_TR6_288,2,35,Female,Mpumalanga,Matric (Grade 12),38,4,No,3,0
ID_TR6_289,3,19,Female,Gauteng,Tertiary Certificate,68,1,No,4,0
ID_TR6_290,1,28,Other,Limpopo,University Degree,82,5,Yes,2,1
ID_TR6_291,1,23,Other,Eastern Cape,Tertiary Certificate,79,1,Yes,1,1
ID_TR6_292,5,28,Female,Gauteng,University Degree,45,3,No,4,0
ID_TR6_293,5,31,Male,Mpumalanga,Matric (Grade 12),56,0,No,8,0
ID_TR6_294,1,35,Male,Gauteng,Matric (Grade 12),60,5,Yes,2,0
ID_TR6_295,5,45,Other,Gauteng,Tertiary Certificate,20,2,Yes,3,0
ID_TR6_296,4,41,Other,Northern Cape,Primary,81,7,Yes,6,1
ID_TR6_297,4,20,Male,Mpumalanga,None,36,2,Yes,8,0
ID_TR6_298,3,18,Other,KwaZulu-Natal,Primary,51,0,Yes,8,1
ID_TR6_299,4,38,Male,Western Cape,Matric (Grade 12),27,0,Yes,7,0
ID_TR6_300,2,19,Female,Western Cape,Matric (Grade 12),33,1,No,4,0
ID_TR6_301,1,25,Female,Gauteng,Primary,54,8,Yes,4,0
ID_TR6_302,5,30,Female,Northern Cape,None,78,7,No,6,1
ID_TR6_303,2,34,Female,Gauteng,Primary,29,2,Yes,6,0
ID_TR6_304,4,31,Female,Gauteng,Grade 10-11,31,3,Yes,1,1
ID_TR6_305,2,27,Male,Limpopo,None,22,5,Yes,6,0
ID_TR6_306,2,32,Other,KwaZulu-Natal,Tertiary Certificate,43,0,No,5,0
ID_TR6_307,1,29,Male,North West,None,3,5,Yes,7,0
ID_TR6_308,1,45,Female,Western Cape,Matric (Grade 12),25,2,Yes,7,0
ID_TR6_309,5,44,Male,Western Cape,Matric (Grade 12),15,0,Yes,4,0
ID_TR6_310,2,37,Other,Mpumalanga,Primary,24,6,No,3,0
ID_TR6_311,2,39,Other,Gauteng,Primary,67,5,Yes,2,0
ID_TR6_312,5,24,Male,Limpopo,Matric (Grade 12),70,7,Yes,1,0
ID_TR6_313,2,26,Male,Western Cape,Primary,34,6,Yes,8,0
ID_TR6_314,2,29,Female,Western Cape,Matric (Grade 12),43,1,Yes,3,0
ID_TR6_315,3,36,Other,Limpopo,Tertiary Certificate,46,5,Yes,5,0
ID_TR6_316,3,19,Female,Mpumalanga,University Degree,57,0,Yes,8,1
ID_TR6_317,4,40,Female,Gauteng,Matric (Grade 12),51,3,Yes,4,1
ID_TR6_318,5,44,Female,Limpopo,None,71,1,Yes,5,0
ID_TR6_319,3,23,Other,Northern Cape,Primary,71,7,Yes,6,0
ID_TR6_320,3,29,Male,KwaZulu-Natal,Grade 10-11,31,4,No,3,1
ID_TR6_321,4,29,Female,KwaZulu-Natal,Tertiary Certificate,30,1,No,6,1
ID_TR6_322,5,27,Male,Northern Cape,University Degree,51,5,Yes,1,0
ID_TR6_323,1,31,Female,North West,Matric (Grade 12),49,0,Yes,5,0
ID_TR6_324,1,33,Female,KwaZulu-Natal,Tertiary Certificate,43,3,Yes,7,0
ID_TR6_325,1,30,Female,Mpumalanga,University Degree,74,4,No,1,1
ID_TR6_326,5,27,Male,Northern Cape,University Degree,32,4,Yes,2,1
ID_TR6_327,2,20,Other,Northern Cape,Tertiary Certificate,50,2,Yes,2,1
ID_TR6_328,2,19,Other,KwaZulu-Natal,Tertiary Certificate,93,1,No,3,1
ID_TR6_329,5,30,Other,Limpopo,University Degree,46,0,No,1,1
ID_TR6_330,3,41,Male,Eastern Cape,University Degree,39,2,Yes,2,1
ID_TR6_331,1,30,Female,Northern Cape,University Degree,52,4,Yes,7,1
ID_TR6_332,1,22,Female,Western Cape,Matric (Grade 12),54,3,Yes,4,1
ID_TR6_333,1,26,Male,Eastern Cape,Primary,79,2,No,2,0
ID_TR6_334,1,18,Female,Eastern Cape,University Degree,55,0,Yes,4,1
ID_TR6_335,4,35,Other,KwaZulu-Natal,Grade 10-11,66,4,No,6,1
ID_TR6_336,5,22,Female,Western Cape,Tertiary Certificate,60,5,No,3,0
ID_TR6_337,1,22,Other,Free State,University Degree,66,6,No,2,1
ID_TR6_338,3,43,Female,Limpopo,Matric (Grade 12),31,3,Yes,1,1
ID_TR6_339,1,26,Male,North West,Tertiary Certificate,63,3,Yes,8,0
ID_TR6_340,4,24,Female,Eastern Cape,None,66,7,Yes,5,0
ID_TR6_341,5,40,Male,Limpopo,Primary,45,7,No,2,0
ID_TR6_342,3,32,Female,North West,None,34,6,No,7,0
ID_TR6_343,4,37,Female,Western Cape,University Degree,91,4,Yes,2,1
ID_TR6_344,1,28,Male,Northern Cape,Grade 10-11,34,2,Yes,5,0
ID_TR6_345,5,24,Male,Free State,Matric (Grade 12),69,0,Yes,4,1
ID_TR6_346,3,22,Female,Western Cape,Matric (Grade 12),80,6,No,2,0
ID_TR6_347,5,23,Other,KwaZulu-Natal,Tertiary Certificate,36,2,No,8,1
ID_TR6_348,5,21,Male,Limpopo,Matric (Grade 12),70,3,Yes,4,1
ID_TR6_349,2,40,Female,Western Cape,None,56,5,Yes,2,1
ID_TR6_350,4,30,Other,Eastern Cape,Primary,69,0,Yes,7,1
ID_TR6_351,5,41,Female,Western Cape,Matric (Grade 12),40,5,Yes,6,0
ID_TR6_352,5,23,Female,Northern Cape,Matric (Grade 12),51,6,Yes,7,0
ID_TR6_353,2,21,Female,Gauteng,University Degree,52,2,Yes,5,0
ID_TR6_354,4,30,Male,Eastern Cape,University Degree,57,3,No,5,1
ID_TR6_355,3,40,Female,Gauteng,Primary,49,6,No,3,0
ID_TR6_356,3,24,Other,KwaZulu-Natal,Matric (Grade 12),53,2,Yes,4,1
ID_TR6_357,4,19,Male,Free State,Matric (Grade 12),60,1,Yes,2,1
ID_TR6_358,1,18,Other,Mpumalanga,Matric (Grade 12),46,0,Yes,3,0
ID_TR6_359,3,29,Female,KwaZulu-Natal,Tertiary Certificate,85,8,Yes,5,0
ID_TR6_360,4,36,Female,Northern Cape,Matric (Grade 12),19,2,Yes,2,1
ID_TR6_361,5,35,Male,Western Cape,University Degree,95,3,Yes,5,1
ID_TR6_362,4,40,Female,Northern Cape,Matric (Grade 12),26,2,Yes,6,1
ID_TR6_363,4,30,Male,Gauteng,Tertiary Certificate,84,4,No,8,1
ID_TR6_364,4,27,Female,Gauteng,None,71,5,Yes,7,1
ID_TR6_365,3,27,Other,KwaZulu-Natal,Primary,25,6,Yes,8,0
ID_TR6_366,2,29,Male,Limpopo,Matric (Grade 12),17,3,Yes,2,1
ID_TR6_367,2,34,Female,Free State,Primary,52,8,Yes,2,0
ID_TR6_368,4,24,Male,Western Cape,Matric (Grade 12),16,4,Yes,7,0
ID_TR6_369,4,27,Male,KwaZulu-Natal,Tertiary Certificate,58,5,Yes,8,0
ID_TR6_370,4,32,Female,KwaZulu-Natal,None,63,2,No,6,0
ID_TR6_371,4,40,Male,Mpumalanga,Grade 10-11,16,6,No,2,0
ID_TR6_372,4,34,Female,Gauteng,University Degree,89,2,Yes,4,1
ID_TR6_373,4,38,Female,North West,University Degree,47,6,Yes,6,0
ID_TR6_374,2,24,Other,Eastern Cape,Matric (Grade 12),56,1,Yes,1,0
ID_TR6_375,2,30,Male,Free State,Primary,73,2,Yes,8,1
ID_TR6_376,1,42,Other,Free State,Primary,33,0,Yes,4,1
ID_TR6_377,3,31,Other,Free State,Primary,83,0,No,6,1
ID_TR6_378,5,20,Male,North West,Tertiary Certificate,49,2,Yes,3,0
ID_TR6_379,5,31,Male,Western Cape,Matric (Grade 12),76,8,No,4,1
ID_TR6_380,4,26,Male,North West,Primary,72,1,No,3,1
ID_TR6_381,2,26,Male,Limpopo,Tertiary Certificate,90,7,Yes,5,1
ID_TR6_382,2,30,Male,Mpumalanga,Primary,68,5,Yes,8,1
ID_TR6_383,5,45,Male,Free State,Matric (Grade 12),67,2,Yes,8,0
ID_TR6_384,1,42,Other,Limpopo,Grade 10-11,35,1,Yes,7,1
ID_TR6_385,5,39,Male,Gauteng,Grade 10-11,28,4,Yes,1,0
ID_TR6_386,4,40,Male,Eastern Cape,University Degree,91,8,Yes,5,0
ID_TR6_387,2,36,Male,Free State,Matric (Grade 12),29,7,No,2,0
ID_TR6_388,5,34,Male,Eastern Cape,Matric (Grade 12),28,0,No,1,0
ID_TR6_389,5,40,Male,Western Cape,Matric (Grade 12),61,3,Yes,4,0
ID_TR6_390,1,32,Other,Western Cape,Matric (Grade 12),84,6,Yes,8,1
ID_TR6_391,5,40,Other,Mpumalanga,None,31,1,No,1,0
ID_TR6_392,1,44,Male,Limpopo,Matric (Grade 12),17,6,Yes,1,0
ID_TR6_393,1,31,Male,Eastern Cape,University Degree,61,2,No,3,1
ID_TR6_394,1,18,Other,Mpumalanga,Matric (Grade 12),44,0,No,4,1
ID_TR6_395,4,19,Female,KwaZulu-Natal,Primary,28,0,Yes,1,0
ID_TR6_396,3,30,Female,Northern Cape,Tertiary Certificate,88,2,Yes,7,1
ID_TR6_397,4,23,Other,Western Cape,None,56,5,Yes,4,1
ID_TR6_398,2,31,Male,Gauteng,Grade 10-11,75,1,No,8,1
ID_TR6_399,2,39,Female,Limpopo,Primary,47,5,No,5,0
ID_TR6_400,5,42,Other,North West,University Degree,67,0,Yes,5,1
ID_TR6_401,1,23,Female,Limpopo,None,62,5,No,6,0
ID_TR6_402,4,19,Female,Mpumalanga,Tertiary Certificate,76,1,Yes,7,1
ID_TR6_403,4,40,Female,North West,Grade 10-11,28,3,Yes,4,1
ID_TR6_404,3,32,Female,Gauteng,University Degree,32,4,Yes,7,1
ID_TR6_405,1,19,Female,Western Cape,University Degree,44,1,Yes,4,1
ID_TR6_406,1,24,Male,Free State,Grade 10-11,41,7,Yes,7,0
ID_TR6_407,1,41,Male,KwaZulu-Natal,None,29,6,Yes,8,0
ID_TR6_408,3,30,Male,Free State,Primary,82,6,Yes,2,1
ID_TR6_409,1,42,Male,Eastern Cape,Matric (Grade 12),61,4,Yes,1,0
ID_TR6_410,2,35,Other,Western Cape,University Degree,64,8,No,4,0
ID_TR6_411,2,27,Male,Eastern Cape,None,30,8,No,5,0
ID_TR6_412,4,35,Female,Gauteng,Grade 10-11,81,8,Yes,5,0
ID_TR6_413,4,32,Other,Western Cape,Matric (Grade 12),50,3,No,3,0
ID_TR6_414,1,45,Male,Free State,Matric (Grade 12),45,4,Yes,5,0
ID_TR6_415,1,28,Other,North West,Tertiary Certificate,43,0,Yes,4,1
ID_TR6_416,4,32,Male,Limpopo,Matric (Grade 12),79,2,Yes,4,1
ID_TR6_417,3,25,Male,Gauteng,None,49,5,No,1,0
ID_TR6_418,3,45,Male,Limpopo,University Degree,76,4,Yes,3,1
ID_TR6_419,5,21,Male,Free State,None,13,2,Yes,8,0
ID_TR6_420,2,27,Female,Gauteng,Matric (Grade 12),84,5,No,5,1
ID_TR6_421,4,34,Female,Mpumalanga,Primary,78,4,Yes,3,0
ID_TR6_422,1,39,Male,Free State,Primary,21,4,Yes,4,1
ID_TR6_423,3,45,Female,Mpumalanga,Tertiary Certificate,37,7,Yes,4,1
ID_TR6_424,3,24,Female,Northern Cape,Matric (Grade 12),18,1,Yes,8,0
ID_TR6_425,2,35,Male,Gauteng,Grade 10-11,63,6,No,1,0
ID_TR6_426,4,18,Female,Western Cape,Tertiary Certificate,25,0,Yes,6,0
ID_TR6_427,2,44,Female,Gauteng,Matric (Grade 12),75,8,No,1,0
ID_TR6_428,2,28,Other,Free State,Matric (Grade 12),24,5,Yes,1,0
ID_TR6_429,5,40,Female,KwaZulu-Natal,Grade 10-11,25,6,Yes,6,0
ID_TR6_430,3,38,Male,Gauteng,Matric (Grade 12),48,3,Yes,8,1
ID_TR6_431,4,18,Female,Western Cape,Matric (Grade 12),29,0,Yes,1,0
ID_TR6_432,3,35,Other,Western Cape,Matric (Grade 12),53,7,No,2,0
ID_TR6_433,5,41,Female,Mpumalanga,None,77,1,Yes,5,0
ID_TR6_434,5,29,Female,Gauteng,None,7,6,No,7,0
ID_TR6_435,4,45,Female,Western Cape,Tertiary Certificate,80,0,Yes,3,1
ID_TR6_436,2,41,Female,North West,Matric (Grade 12),36,0,Yes,6,0
ID_TR6_437,1,33,Female,Gauteng,None,67,1,No,7,1
ID_TR6_438,3,28,Female,Western Cape,Grade 10-11,42,4,Yes,3,1
ID_TR6_439,5,43,Female,Western Cape,None,41,2,Yes,7,0
ID_TR6_440,1,21,Other,Northern Cape,Matric (Grade 12),57,3,Yes,4,1
ID_TR6_441,4,29,Other,North West,Matric (Grade 12),50,4,Yes,8,0
ID_TR6_442,1,30,Female,Western Cape,Primary,71,3,No,7,1
ID_TR6_443,3,24,Female,Eastern Cape,None,20,3,No,1,0
ID_TR6_444,2,24,Other,Northern Cape,Grade 10-11,47,6,No,5,0
ID_TR6_445,1,27,Other,Free State,Matric (Grade 12),81,7,Yes,4,1
ID_TR6_446,1,37,Male,Western Cape,Primary,21,2,No,4,0
ID_TR6_447,3,29,Other,Western Cape,University Degree,65,5,No,1,1
ID_TR6_448,3,18,Other,KwaZulu-Natal,Primary,68,0,Yes,7,0
ID_TR6_449,1,42,Female,Mpumalanga,Primary,33,1,Yes,3,0
ID_TR6_450,4,30,Female,Gauteng,Primary,52,6,No,3,0
ID_TR6_451,4,26,Other,Free State,Grade 10-11,36,2,Yes,6,1
ID_TR6_452,5,33,Male,Gauteng,Grade 10-11,18,8,No,7,0
ID_TR6_453,5,18,Other,Eastern Cape,Primary,46,0,Yes,7,1
ID_TR6_454,1,29,Male,Gauteng,Tertiary Certificate,24,8,No,8,0
ID_TR6_455,4,29,Other,Mpumalanga,Tertiary Certificate,33,0,No,4,1
ID_TR6_456,4,18,Male,KwaZulu-Natal,Matric (Grade 12),56,0,Yes,2,1
ID_TR6_457,3,19,Male,Western Cape,Primary,17,1,Yes,8,0
ID_TR6_458,5,37,Other,Limpopo,Matric (Grade 12),43,7,Yes,2,0
ID_TR6_459,5,26,Male,Gauteng,Primary,58,3,Yes,3,0
ID_TR6_460,4,27,Male,KwaZulu-Natal,None,31,8,Yes,1,0
ID_TR6_461,4,43,Other,Western Cape,Matric (Grade 12),59,6,No,3,0
ID_TR6_462,5,34,Other,Free State,University Degree,48,8,Yes,6,1
ID_TR6_463,1,22,Female,Free State,Primary,40,8,No,6,0
ID_TR6_464,4,38,Male,North West,None,36,8,Yes,4,0
ID_TR6_465,2,29,Other,Western Cape,Matric (Grade 12),46,0,No,2,1
ID_TR6_466,3,42,Male,Western Cape,Grade 10-11,77,4,No,6,1
ID_TR6_467,4,42,Female,Northern Cape,University Degree,34,6,No,8,1
ID_TR6_468,2,36,Male,Mpumalanga,University Degree,66,8,Yes,2,0
ID_TR6_469,5,21,Male,Western Cape,Tertiary Certificate,82,2,Yes,3,1
ID_TR6_470,3,29,Male,Eastern Cape,None,38,5,No,4,0
ID_TR6_471,3,23,Female,KwaZulu-Natal,Tertiary Certificate,55,4,No,6,0
ID_TR6_472,4,31,Female,Mpumalanga,University Degree,84,8,No,1,1
ID_TR6_473,3,32,Other,Free State,Grade 10-11,32,8,Yes,7,0
ID_TR6_474,1,32,Female,Western Cape,Matric (Grade 12),71,0,No,5,1
ID_TR6_475,4,32,Male,Mpumalanga,None,53,5,Yes,8,0
ID_TR6_476,1,29,Female,Northern Cape,Primary,75,8,No,2,0
ID_TR6_477,1,43,Male,Eastern Cape,Matric (Grade 12),65,0,Yes,2,1
ID_TR6_478,5,35,Female,Western Cape,None,0,4,Yes,5,0
ID_TR6_479,4,39,Male,Gauteng,Matric (Grade 12),32,0,Yes,7,1
ID_TR6_480,2,38,Female,Mpumalanga,University Degree,63,7,No,5,1
ID_TR6_481,3,42,Female,Gauteng,Matric (Grade 12),81,2,No,5,0
ID_TR6_482,2,31,Other,Western Cape,Tertiary Certificate,25,4,No,8,0
ID_TR6_483,5,26,Male,Free State,University Degree,93,3,Yes,2,1
ID_TR6_484,1,36,Female,North West,University Degree,37,0,Yes,4,1
ID_TR6_485,1,26,Male,Mpumalanga,Matric (Grade 12),27,1,Yes,1,0
ID_TR6_486,3,28,Female,Western Cape,Matric (Grade 12),63,2,Yes,8,0
ID_TR6_487,3,21,Male,Limpopo,Tertiary Certificate,76,3,Yes,8,1
ID_TR6_488,1,34,Male,Northern Cape,None,62,7,Yes,8,0
ID_TR6_489,5,27,Male,Gauteng,Matric (Grade 12),79,0,Yes,6,1
ID_TR6_490,3,31,Male,Eastern Cape,Tertiary Certificate,79,8,No,7,0
ID_TR6_491,3,21,Other,Northern Cape,Matric (Grade 12),51,3,Yes,1,0
ID_TR6_492,4,19,Female,Limpopo,Primary,64,1,Yes,1,1
ID_TR6_493,4,44,Female,Mpumalanga,Grade 10-11,20,6,No,4,1
ID_TR6_494,2,24,Female,North West,University Degree,52,7,Yes,8,1
ID_TR6_495,2,44,Other,Gauteng,Primary,71,4,No,8,1
ID_TR6_496,2,41,Male,Western Cape,Grade 10-11,33,0,Yes,8,0
ID_TR6_497,5,26,Male,Western Cape,None,66,6,Yes,1,1
ID_TR6_498,3,27,Female,KwaZulu-Natal,Primary,71,6,Yes,3,0
ID_TR6_499,1,23,Other,Mpumalanga,University Degree,76,1,Yes,3,1
ID_TR6_500,3,41,Male,Limpopo,Tertiary Certificate,62,4,Yes,2,0
ID_TR6_501,4,40,Female,Limpopo,Tertiary Certificate,25,3,No,7,1
ID_TR6_502,4,35,Female,North West,None,22,7,Yes,1,0
ID_TR6_503,4,34,Other,Western Cape,University Degree,69,2,Yes,7,1
ID_TR6_504,2,41,Female,Western Cape,Primary,59,7,Yes,2,1
ID_TR6_505,1,20,Other,Gauteng,Primary,21,1,Yes,8,0
ID_TR6_506,2,26,Male,North West,Tertiary Certificate,49,1,Yes,5,1
ID_TR6_507,1,18,Male,Free State,Tertiary Certificate,77,0,Yes,6,1
ID_TR6_508,3,31,Male,KwaZulu-Natal,Primary,38,5,Yes,1,0
ID_TR6_509,1,21,Male,Gauteng,Primary,50,3,Yes,7,1
ID_TR6_510,2,44,Female,Free State,Tertiary Certificate,77,0,No,2,1
ID_TR6_511,5,18,Male,Eastern Cape,None,22,0,No,3,0
ID_TR6_512,4,19,Female,Free State,Primary,77,1,Yes,5,1
ID_TR6_513,1,19,Female,Western Cape,Matric (Grade 12),24,1,Yes,8,0
ID_TR6_514,3,33,Female,KwaZulu-Natal,Primary,84,5,No,1,0
ID_TR6_515,1,27,Female,Limpopo,Primary,50,0,Yes,1,0
ID_TR6_516,5,32,Female,Free State,University Degree,71,2,Yes,8,0
ID_TR6_517,5,31,Male,North West,Tertiary Certificate,87,1,Yes,6,1
ID_TR6_518,5,33,Female,Northern Cape,Tertiary Certificate,36,7,Yes,8,1
ID_TR6_519,4,39,Male,Limpopo,Matric (Grade 12),69,5,Yes,7,0
ID_TR6_520,1,25,Female,North West,Tertiary Certificate,64,5,No,3,0
ID_TR6_521,4,37,Female,KwaZulu-Natal,Primary,79,8,Yes,5,0
ID_TR6_522,2,27,Male,Eastern Cape,University Degree,43,0,Yes,4,1
ID_TR6_523,2,37,Male,Western Cape,Grade 10-11,42,1,Yes,8,0
ID_TR6_524,1,35,Other,Mpumalanga,University Degree,73,1,Yes,5,1
ID_TR6_525,1,18,Other,Gauteng,Matric (Grade 12),19,0,Yes,5,0
ID_TR6_526,2,34,Other,KwaZulu-Natal,Matric (Grade 12),80,6,Yes,8,0
ID_TR6_527,3,29,Female,Northern Cape,Grade 10-11,80,3,Yes,6,1
ID_TR6_528,4,25,Female,Western Cape,Grade 10-11,36,4,No,5,0
ID_TR6_529,1,40,Male,North West,None,49,2,Yes,4,0
ID_TR6_530,4,33,Other,North West,Matric (Grade 12),16,3,No,1,0
ID_TR6_531,1,29,Other,Limpopo,Primary,79,8,No,1,0
ID_TR6_532,1,18,Other,Gauteng,Matric (Grade 12),75,0,Yes,7,1
ID_TR6_533,3,27,Female,Western Cape,None,12,4,Yes,2,0
ID_TR6_534,1,36,Female,North West,Matric (Grade 12),58,5,Yes,5,0
ID_TR6_535,1,42,Male,Western Cape,Grade 10-11,31,1,No,3,1
ID_TR6_536,5,43,Female,Eastern Cape,University Degree,88,0,No,6,1
ID_TR6_537,3,24,Male,Gauteng,None,24,0,Yes,7,0
ID_TR6_538,2,39,Female,Western Cape,Grade 10-11,46,7,Yes,1,0
ID_TR6_539,3,28,Female,KwaZulu-Natal,Primary,73,7,Yes,7,0
ID_TR6_540,3,38,Male,North West,Primary,35,2,Yes,4,0
ID_TR6_541,3,45,Female,North West,University Degree,99,7,No,3,1
ID_TR6_542,1,22,Male,Free State,Primary,62,6,Yes,1,1
ID_TR6_543,5,30,Male,Western Cape,Grade 10-11,48,6,No,7,0
ID_TR6_544,3,32,Male,Northern Cape,Tertiary Certificate,77,1,Yes,8,1
ID_TR6_545,4,33,Male,North West,Grade 10-11,19,1,Yes,5,0
ID_TR6_546,4,32,Male,KwaZulu-Natal,None,70,8,Yes,2,0
ID_TR6_547,5,30,Other,Limpopo,None,3,5,Yes,2,0
ID_TR6_548,3,20,Male,Gauteng,Grade 10-11,51,0,Yes,3,1
ID_TR6_549,4,24,Male,Gauteng,Tertiary Certificate,37,5,No,6,0
ID_TR6_550,4,19,Female,Northern Cape,University Degree,58,0,Yes,1,1
ID_TR6_551,4,20,Other,Gauteng,Grade 10-11,80,1,No,4,0
ID_TR6_552,5,21,Female,KwaZulu-Natal,Tertiary Certificate,53,1,Yes,4,1
ID_TR6_553,5,31,Male,Free State,Matric (Grade 12),36,0,Yes,3,0
ID_TR6_554,5,31,Female,North West,Matric (Grade 12),27,6,Yes,7,0
ID_TR6_555,1,24,Male,North West,Grade 10-11,37,0,Yes,2,0
ID_TR6_556,3,27,Male,Western Cape,Matric (Grade 12),29,6,Yes,5,0
ID_TR6_557,1,40,Female,Northern Cape,Primary,66,1,Yes,4,1
ID_TR6_558,3,33,Other,Eastern Cape,Grade 10-11,50,6,Yes,5,0
ID_TR6_559,4,41,Male,Mpumalanga,Tertiary Certificate,49,1,Yes,2,0
ID_TR6_560,1,20,Female,Mpumalanga,Tertiary Certificate,41,1,No,2,0
ID_TR6_561,5,37,Male,Western Cape,Matric (Grade 12),25,5,Yes,7,0
ID_TR6_562,5,32,Other,Eastern Cape,Tertiary Certificate,88,4,Yes,8,1
ID_TR6_563,1,19,Other,Limpopo,None,71,1,Yes,2,0
ID_TR6_564,2,44,Male,Western Cape,Matric (Grade 12),17,5,Yes,4,1
ID_TR6_565,3,39,Female,Eastern Cape,Primary,31,8,Yes,4,0
ID_TR6_566,2,42,Male,KwaZulu-Natal,Matric (Grade 12),69,5,Yes,4,0
ID_TR6_567,1,36,Male,Northern Cape,Grade 10-11,63,6,Yes,7,1
ID_TR6_568,1,42,Female,Free State,Primary,33,8,Yes,7,0
ID_TR6_569,5,27,Male,Limpopo,Primary,39,3,No,2,0
ID_TR6_570,4,23,Other,KwaZulu-Natal,Primary,78,5,Yes,8,1
ID_TR6_571,2,29,Female,Free State,Matric (Grade 12),48,5,Yes,8,1
ID_TR6_572,2,44,Other,Eastern Cape,Matric (Grade 12),27,8,Yes,6,0
ID_TR6_573,4,34,Female,Gauteng,Matric (Grade 12),72,3,No,5,1
ID_TR6_574,2,18,Other,Western Cape,Primary,79,0,No,8,1
ID_TR6_575,1,36,Male,Mpumalanga,Primary,28,1,Yes,2,1
ID_TR6_576,4,25,Female,Western Cape,Grade 10-11,21,2,Yes,4,0
ID_TR6_577,3,37,Male,Limpopo,None,59,6,Yes,3,1
ID_TR6_578,5,31,Female,Northern Cape,None,51,2,Yes,2,1
ID_TR6_579,3,30,Female,North West,Grade 10-11,63,3,Yes,5,0
ID_TR6_580,4,39,Male,Mpumalanga,Matric (Grade 12),35,4,No,5,0
ID_TR6_581,1,30,Female,Western Cape,Primary,55,0,No,8,0
ID_TR6_582,4,30,Other,North West,None,29,2,No,2,0
ID_TR6_583,5,30,Male,Gauteng,Primary,25,6,Yes,1,0
ID_TR6_584,5,18,Female,Western Cape,Matric (Grade 12),42,0,Yes,7,1
ID_TR6_585,1,39,Female,KwaZulu-Natal,Matric (Grade 12),54,6,Yes,7,0
ID_TR6_586,2,43,Female,Eastern Cape,None,58,0,No,1,0
ID_TR6_587,1,25,Female,Eastern Cape,University Degree,83,3,Yes,5,1
ID_TR6_588,2,20,Male,Western Cape,Grade 10-11,72,2,No,6,1
ID_TR6_589,1,42,Female,Limpopo,Matric (Grade 12),85,2,Yes,7,1
ID_TR6_590,4,18,Male,Western Cape,Matric (Grade 12),25,0,No,6,0
ID_TR6_591,1,33,Male,Free State,Tertiary Certificate,44,8,No,2,0
ID_TR6_592,1,37,Male,Gauteng,Matric (Grade 12),62,8,Yes,1,0
ID_TR6_593,3,27,Female,Gauteng,Matric (Grade 12),51,1,Yes,8,0
ID_TR6_594,4,37,Female,Western Cape,Grade 10-11,70,3,No,8,1
ID_TR6_595,4,41,Male,Northern Cape,Matric (Grade 12),61,7,No,2,0
ID_TR6_596,3,31,Female,Gauteng,Matric (Grade 12),31,3,Yes,2,1
ID_TR6_597,5,26,Male,KwaZulu-Natal,None,35,2,Yes,7,0
ID_TR6_598,4,34,Female,Free State,Tertiary Certificate,89,5,Yes,3,1
ID_TR6_599,5,25,Male,North West,Grade 10-11,15,1,No,2,0
ID_TR6_600,5,28,Male,Gauteng,None,74,2,Yes,1,1
ID_TR6_601,1,25,Female,Free State,University Degree,32,7,No,3,1
ID_TR6_602,1,31,Female,Gauteng,Matric (Grade 12),31,1,Yes,8,0
ID_TR6_603,3,43,Male,Limpopo,Matric (Grade 12),62,2,Yes,2,1
ID_TR6_604,3,42,Male,Gauteng,None,41,4,Yes,3,0
ID_TR6_605,2,21,Female,Western Cape,Grade 10-11,22,3,Yes,8,0
ID_TR6_606,3,26,Male,Northern Cape,University Degree,90,7,Yes,4,1
ID_TR6_607,5,33,Male,KwaZulu-Natal,None,35,6,Yes,7,0
ID_TR6_608,2,30,Other,Western Cape,Matric (Grade 12),56,4,No,6,1
ID_TR6_609,4,28,Other,Mpumalanga,Tertiary Certificate,89,3,Yes,8,1
ID_TR6_610,2,37,Other,North West,Primary,83,8,Yes,4,0
ID_TR6_611,1,19,Female,North West,Grade 10-11,80,1,No,3,1
ID_TR6_612,5,44,Male,Western Cape,Matric (Grade 12),55,8,Yes,3,0
ID_TR6_613,1,27,Female,North West,Primary,35,8,No,5,1
ID_TR6_614,5,26,Male,Gauteng,Primary,58,8,Yes,2,0
ID_TR6_615,3,36,Male,Gauteng,University Degree,29,0,Yes,6,0
ID_TR6_616,3,45,Female,KwaZulu-Natal,Primary,60,8,Yes,8,0
ID_TR6_617,1,38,Male,Eastern Cape,None,35,7,Yes,5,0
ID_TR6_618,4,33,Female,Eastern Cape,Primary,34,3,Yes,7,0
ID_TR6_619,1,31,Female,Mpumalanga,University Degree,64,0,Yes,1,1
ID_TR6_620,5,20,Other,Free State,None,35,0,Yes,4,1
ID_TR6_621,4,22,Male,Northern Cape,Grade 10-11,27,8,Yes,8,0
ID_TR6_622,3,29,Male,KwaZulu-Natal,Tertiary Certificate,80,6,No,5,0
ID_TR6_623,3,27,Female,Gauteng,Tertiary Certificate,34,6,Yes,5,0
ID_TR6_624,2,32,Male,Western Cape,University Degree,50,4,Yes,3,0
ID_TR6_625,1,40,Male,Northern Cape,Matric (Grade 12),73,7,Yes,6,1
ID_TR6_626,4,24,Female,Northern Cape,Primary,67,2,Yes,3,0
ID_TR6_627,3,31,Female,Western Cape,Matric (Grade 12),46,5,No,6,0
ID_TR6_628,4,42,Other,North West,Grade 10-11,62,2,No,5,0
ID_TR6_629,3,41,Male,Limpopo,Tertiary Certificate,67,5,No,2,0
ID_TR6_630,4,39,Male,Western Cape,None,76,7,No,6,0
ID_TR6_631,5,39,Male,Eastern Cape,University Degree,32,5,Yes,7,0
ID_TR6_632,2,23,Other,Limpopo,Tertiary Certificate,34,0,Yes,7,1
ID_TR6_633,3,26,Other,North West,Tertiary Certificate,62,8,Yes,4,1
ID_TR6_634,3,34,Female,Western Cape,Matric (Grade 12),21,2,No,1,0
ID_TR6_635,3,33,Female,Mpumalanga,None,56,6,Yes,4,0
ID_TR6_636,1,20,Other,Limpopo,Primary,51,2,Yes,6,1
ID_TR6_637,5,24,Female,KwaZulu-Natal,Primary,38,1,No,3,0
ID_TR6_638,2,42,Female,Eastern Cape,Grade 10-11,61,2,Yes,7,0
ID_TR6_639,1,33,Male,Western Cape,Matric (Grade 12),30,0,Yes,3,1
ID_TR6_640,4,38,Male,North West,Tertiary Certificate,80,1,Yes,5,1
ID_TR6_641,2,33,Female,Western Cape,Primary,44,5,Yes,2,0
ID_TR6_642,2,44,Female,Western Cape,Primary,21,1,Yes,3,0
ID_TR6_643,3,21,Female,Western Cape,University Degree,28,3,Yes,1,1
ID_TR6_644,1,26,Female,North West,None,69,1,Yes,6,1
ID_TR6_645,3,32,Female,Eastern Cape,None,47,8,Yes,7,0
ID_TR6_646,3,33,Other,North West,Grade 10-11,59,3,Yes,8,1
ID_TR6_647,5,40,Male,KwaZulu-Natal,University Degree,56,4,No,1,1
ID_TR6_648,2,21,Female,Northern Cape,None,46,2,Yes,1,1
ID_TR6_649,4,37,Male,Gauteng,Grade 10-11,78,6,No,4,0
ID_TR6_650,3,20,Male,Eastern Cape,None,15,2,Yes,8,0
ID_TR6_651,5,22,Male,Western Cape,Grade 10-11,66,0,Yes,2,1
ID_TR6_652,5,45,Other,North West,None,29,4,No,3,0
ID_TR6_653,4,21,Male,Free State,Primary,67,1,No,5,1
ID_TR6_654,5,33,Female,Free State,Matric (Grade 12),24,1,No,8,0
ID_TR6_655,5,22,Other,Western Cape,Grade 10-11,39,8,No,8,0
ID_TR6_656,3,20,Female,North West,Tertiary Certificate,26,2,No,1,0
ID_TR6_657,1,36,Female,Western Cape,Tertiary Certificate,57,8,Yes,2,0
ID_TR6_658,5,44,Other,Eastern Cape,Matric (Grade 12),53,1,No,2,1
ID_TR6_659,1,27,Female,KwaZulu-Natal,University Degree,33,2,Yes,1,1
ID_TR6_660,5,29,Male,North West,None,45,7,No,3,0
ID_TR6_661,2,31,Male,Northern Cape,Tertiary Certificate,39,4,Yes,6,1
ID_TR6_662,1,42,Female,Limpopo,Primary,70,4,Yes,1,1
ID_TR6_663,2,35,Female,Western Cape,Matric (Grade 12),64,4,Yes,8,1
ID_TR6_664,4,44,Male,Eastern Cape,Tertiary Certificate,28,2,Yes,2,0
ID_TR6_665,5,26,Other,Northern Cape,None,49,4,Yes,6,1
ID_TR6_666,3,37,Other,Western Cape,University Degree,94,0,Yes,4,1
ID_TR6_667,5,37,Female,Western Cape,Grade 10-11,52,8,No,3,1
ID_TR6_668,5,31,Female,Eastern Cape,None,5,7,Yes,1,1
ID_TR6_669,1,37,Male,Free State,Matric (Grade 12),28,7,Yes,3,0
ID_TR6_670,5,28,Male,Gauteng,Grade 10-11,22,5,Yes,6,0
ID_TR6_671,2,39,Female,Northern Cape,University Degree,85,0,No,8,1
ID_TR6_672,3,33,Female,Gauteng,University Degree,83,5,No,1,0
ID_TR6_673,2,38,Other,Gauteng,Tertiary Certificate,34,7,Yes,3,0
ID_TR6_674,5,34,Male,Free State,Tertiary Certificate,62,4,Yes,2,0
ID_TR6_675,2,19,Female,Western Cape,University Degree,33,1,Yes,3,0
ID_TR6_676,2,22,Male,KwaZulu-Natal,Matric (Grade 12),43,2,Yes,3,0
ID_TR6_677,4,33,Female,Mpumalanga,Grade 10-11,56,3,Yes,2,1
ID_TR6_678,3,31,Female,Eastern Cape,Matric (Grade 12),30,8,Yes,7,1
ID_TR6_679,1,31,Female,Northern Cape,Matric (Grade 12),29,3,Yes,6,0
ID_TR6_680,5,42,Female,Mpumalanga,Tertiary Certificate,68,0,Yes,2,1
ID_TR6_681,2,25,Female,North West,Primary,65,5,No,2,0
ID_TR6_682,3,18,Female,Western Cape,Grade 10-11,52,0,No,6,0
ID_TR6_683,5,38,Male,Western Cape,None,65,4,Yes,8,1
ID_TR6_684,2,43,Male,Western Cape,Grade 10-11,41,1,Yes,6,0
ID_TR6_685,5,33,Male,Gauteng,Matric (Grade 12),44,4,No,3,1
ID_TR6_686,5,36,Female,Limpopo,Matric (Grade 12),53,2,No,1,1
ID_TR6_687,3,39,Male,Mpumalanga,Primary,45,1,No,6,0
ID_TR6_688,2,33,Male,Eastern Cape,Grade 10-11,30,3,Yes,5,1
ID_TR6_689,1,31,Female,North West,University Degree,41,5,No,8,0
ID_TR6_690,2,35,Male,Northern Cape,University Degree,77,0,Yes,1,1
ID_TR6_691,2,38,Female,Western Cape,None,5,6,Yes,5,1
ID_TR6_692,2,27,Male,North West,University Degree,45,5,No,8,1
ID_TR6_693,4,22,Male,Free State,Tertiary Certificate,27,5,Yes,7,0
ID_TR6_694,5,21,Female,Eastern Cape,Matric (Grade 12),48,3,Yes,2,0
ID_TR6_695,1,18,Male,Western Cape,Primary,52,0,No,2,1
ID_TR6_696,4,18,Female,Free State,Tertiary Certificate,61,0,Yes,2,1
ID_TR6_697,1,22,Other,North West,Primary,46,7,Yes,8,0
ID_TR6_698,3,24,Female,Western Cape,University Degree,35,2,Yes,5,1
ID_TR6_699,3,27,Male,Northern Cape,University Degree,31,2,Yes,4,1
ID_TR6_700,5,28,Female,Free State,Primary,36,6,No,3,0
ID_TR6_701,5,25,Other,Limpopo,Matric (Grade 12),16,6,Yes,2,0
ID_TR6_702,2,18,Male,KwaZulu-Natal,Matric (Grade 12),27,0,Yes,7,1
ID_TR6_703,3,20,Female,Western Cape,Grade 10-11,35,0,Yes,8,0
ID_TR6_704,1,25,Male,Mpumalanga,Grade 10-11,81,6,No,3,1
ID_TR6_705,5,41,Male,Limpopo,Primary,38,4,Yes,8,0
ID_TR6_706,4,21,Male,Gauteng,None,53,3,No,2,0
ID_TR6_707,5,29,Other,KwaZulu-Natal,Primary,72,6,Yes,6,1
ID_TR6_708,5,27,Female,Mpumalanga,University Degree,65,6,Yes,2,1
ID_TR6_709,4,22,Other,North West,Grade 10-11,70,5,Yes,3,0
ID_TR6_710,3,42,Female,Gauteng,Primary,59,4,No,5,0
ID_TR6_711,2,41,Female,Limpopo,Matric (Grade 12),51,2,No,1,1
ID_TR6_712,3,34,Female,North West,Matric (Grade 12),63,8,Yes,5,1
ID_TR6_713,5,35,Other,Northern Cape,None,64,0,Yes,6,0
ID_TR6_714,4,22,Other,Gauteng,Matric (Grade 12),23,3,No,4,0
ID_TR6_715,4,35,Female,Gauteng,Grade 10-11,42,6,No,4,0
ID_TR6_716,4,19,Male,Mpumalanga,None,50,1,No,2,0
ID_TR6_717,4,18,Female,Limpopo,Matric (Grade 12),34,0,No,3,0
ID_TR6_718,3,22,Other,Gauteng,None,58,6,No,8,0
ID_TR6_719,3,20,Female,North West,University Degree,71,1,No,4,1
ID_TR6_720,4,22,Other,North West,Matric (Grade 12),82,6,No,7,0
ID_TR6_721,2,33,Female,North West,Matric (Grade 12),33,0,Yes,5,1
ID_TR6_722,4,43,Male,Free State,None,55,7,Yes,4,1
ID_TR6_723,2,22,Male,North West,Matric (Grade 12),66,8,Yes,5,0
ID_TR6_724,2,36,Other,Gauteng,Grade 10-11,49,8,No,2,0
ID_TR6_725,5,19,Female,North West,Matric (Grade 12),26,1,Yes,1,0
ID_TR6_726,3,20,Other,Limpopo,None,24,2,No,4,0
ID_TR6_727,5,28,Other,Mpumalanga,Matric (Grade 12),22,1,Yes,5,1
ID_TR6_728,3,36,Female,Free State,Tertiary Certificate,80,0,No,3,1
ID_TR6_729,4,22,Female,KwaZulu-Natal,Primary,68,5,Yes,3,0
ID_TR6_730,2,22,Male,Free State,Matric (Grade 12),65,0,Yes,6,1
ID_TR6_731,5,18,Male,Free State,Matric (Grade 12),34,0,No,6,1
ID_TR6_732,5,43,Other,Gauteng,Primary,76,1,Yes,5,1
ID_TR6_733,1,24,Female,Western Cape,Matric (Grade 12),29,6,Yes,6,0
ID_TR6_734,2,32,Other,Western Cape,Matric (Grade 12),69,0,Yes,6,1
ID_TR6_735,5,22,Female,Eastern Cape,Tertiary Certificate,30,1,No,4,0
ID_TR6_736,5,40,Female,Free State,Matric (Grade 12),26,6,Yes,5,0
ID_TR6_737,3,26,Other,Western Cape,Grade 10-11,71,8,Yes,8,0
ID_TR6_738,4,42,Male,Western Cape,Grade 10-11,74,1,Yes,5,1
ID_TR6_739,4,24,Female,Eastern Cape,University Degree,68,8,Yes,1,0
ID_TR6_740,5,30,Male,Western Cape,Primary,49,0,No,2,1
ID_TR6_741,5,31,Female,Western Cape,Matric (Grade 12),63,3,Yes,3,0
ID_TR6_742,1,34,Female,Eastern Cape,University Degree,92,8,Yes,3,1
ID_TR6_743,3,39,Female,Free State,University Degree,86,2,Yes,3,1
ID_TR6_744,5,32,Other,Free State,None,15,3,No,1,0
ID_TR6_745,2,31,Other,Free State,Tertiary Certificate,75,5,Yes,4,1
ID_TR6_746,5,28,Female,North West,None,47,5,Yes,2,0
ID_TR6_747,2,23,Female,Mpumalanga,Primary,36,0,Yes,4,0
ID_TR6_748,3,24,Male,Eastern Cape,Matric (Grade 12),83,4,No,2,1
ID_TR6_749,1,35,Male,Mpumalanga,Primary,37,2,Yes,1,0
ID_TR6_750,2,29,Other,Gauteng,None,47,4,Yes,1,0
ID_TR6_751,3,44,Male,Western Cape,Matric (Grade 12),26,0,Yes,8,0
ID_TR6_752,4,38,Male,Gauteng,Primary,51,5,Yes,2,0
ID_TR6_753,4,42,Female,Limpopo,Primary,59,6,Yes,5,0
ID_TR6_754,2,42,Male,Mpumalanga,Tertiary Certificate,67,5,No,1,1
ID_TR6_755,2,18,Female,Eastern Cape,Matric (Grade 12),27,0,No,4,1
ID_TR6_756,5,21,Female,Western Cape,Tertiary Certificate,44,3,No,4,0
ID_TR6_757,1,35,Other,Mpumalanga,Matric (Grade 12),34,8,Yes,6,0
ID_TR6_758,2,29,Male,Gauteng,Tertiary Certificate,51,8,Yes,5,1
ID_TR6_759,4,30,Male,Northern Cape,University Degree,47,7,Yes,4,1
ID_TR6_760,5,43,Male,Western Cape,Tertiary Certificate,63,7,Yes,3,0
ID_TR6_761,3,29,Male,KwaZulu-Natal,Matric (Grade 12),57,3,Yes,3,1
ID_TR6_762,3,43,Female,Gauteng,Tertiary Certificate,46,2,Yes,2,0
ID_TR6_763,4,45,Female,Limpopo,Primary,58,2,Yes,6,0
ID_TR6_764,2,33,Male,Northern Cape,None,50,6,No,4,0
ID_TR6_765,2,34,Female,North West,University Degree,35,7,No,8,0
ID_TR6_766,1,21,Female,Northern Cape,None,46,0,Yes,1,0
ID_TR6_767,5,23,Female,Gauteng,Matric (Grade 12),44,1,No,1,0
ID_TR6_768,1,29,Male,Gauteng,University Degree,41,1,Yes,6,1
ID_TR6_769,5,41,Other,Eastern Cape,None,6,7,Yes,5,0
ID_TR6_770,5,31,Female,Gauteng,Matric (Grade 12),36,3,No,8,1
ID_TR6_771,2,31,Female,Gauteng,None,45,4,No,5,0
ID_TR6_772,4,21,Other,Northern Cape,Matric (Grade 12),21,3,Yes,7,0
ID_TR6_773,1,19,Female,Mpumalanga,Matric (Grade 12),15,0,Yes,8,1
ID_TR6_774,1,37,Male,Free State,Primary,76,8,Yes,3,0
ID_TR6_775,3,31,Male,Limpopo,Grade 10-11,50,2,Yes,1,1
ID_TR6_776,5,23,Female,Western Cape,Tertiary Certificate,34,3,Yes,2,0
ID_TR6_777,5,18,Female,KwaZulu-Natal,Matric (Grade 12),41,0,Yes,2,1
ID_TR6_778,3,33,Female,Limpopo,Grade 10-11,64,8,Yes,7,0
ID_TR6_779,4,45,Male,Gauteng,University Degree,61,8,Yes,8,1
ID_TR6_780,1,33,Female,Northern Cape,Grade 10-11,58,2,Yes,5,1
ID_TR6_781,5,44,Female,Gauteng,None,10,8,Yes,6,0
ID_TR6_782,1,29,Male,Western Cape,None,58,6,No,4,0
ID_TR6_783,5,44,Male,Eastern Cape,Matric (Grade 12),15,2,Yes,4,0
ID_TR6_784,2,41,Male,Eastern Cape,None,9,1,No,3,1
ID_TR6_785,3,44,Male,Northern Cape,Matric (Grade 12),42,8,Yes,8,0
ID_TR6_786,1,33,Other,Western Cape,None,28,1,No,8,1
ID_TR6_787,2,44,Female,Mpumalanga,University Degree,79,4,Yes,5,1
ID_TR6_788,2,37,Female,Western Cape,None,72,3,Yes,5,1
ID_TR6_789,4,25,Female,Northern Cape,Matric (Grade 12),52,8,Yes,7,0
ID_TR6_790,5,27,Female,Limpopo,None,9,6,Yes,8,0
ID_TR6_791,3,28,Male,Free State,Matric (Grade 12),50,6,Yes,2,1
ID_TR6_792,5,35,Female,Limpopo,Tertiary Certificate,85,3,No,3,1
ID_TR6_793,2,30,Male,Mpumalanga,Grade 10-11,66,0,No,7,0
ID_TR6_794,2,39,Other,Gauteng,Primary,37,2,Yes,3,0
ID_TR6_795,5,19,Male,Mpumalanga,Grade 10-11,20,1,Yes,6,0
ID_TR6_796,4,40,Male,Eastern Cape,Matric (Grade 12),32,4,No,8,0
ID_TR6_797,2,34,Female,Gauteng,Matric (Grade 12),79,2,Yes,3,1
ID_TR6_798,4,24,Female,Western Cape,Primary,48,1,No,6,0
ID_TR6_799,4,33,Male,Western Cape,Grade 10-11,37,6,No,2,0
ID_TR6_800,5,37,Female,KwaZulu-Natal,Matric (Grade 12),39,7,Yes,6,0
ID_TR6_801,3,30,Female,Western Cape,Grade 10-11,33,2,Yes,2,0
ID_TR6_802,5,21,Male,North West,Matric (Grade 12),85,3,Yes,2,0
ID_TR6_803,1,44,Male,Northern Cape,Matric (Grade 12),82,1,No,8,1
ID_TR6_804,5,41,Male,Gauteng,Grade 10-11,24,1,Yes,2,0
ID_TR6_805,4,45,Female,Eastern Cape,Primary,43,3,Yes,8,0
ID_TR6_806,3,42,Other,Mpumalanga,University Degree,80,0,Yes,7,1
ID_TR6_807,1,44,Female,Mpumalanga,Primary,82,6,Yes,4,0
ID_TR6_808,3,43,Female,Northern Cape,Matric (Grade 12),74,0,Yes,2,1
ID_TR6_809,3,37,Female,Northern Cape,None,46,2,No,7,0
ID_TR6_810,5,43,Female,North West,Matric (Grade 12),39,7,Yes,5,0
ID_TR6_811,1,33,Other,Gauteng,Tertiary Certificate,69,0,Yes,3,1
ID_TR6_812,1,28,Female,Free State,Matric (Grade 12),26,8,Yes,2,0
ID_TR6_813,1,43,Female,Free State,University Degree,63,3,Yes,1,1
ID_TR6_814,2,41,Female,Northern Cape,None,63,6,Yes,4,0
ID_TR6_815,1,18,Female,Mpumalanga,None,63,0,Yes,3,1
ID_TR6_816,5,35,Male,Western Cape,None,57,7,No,1,0
ID_TR6_817,5,43,Male,Eastern Cape,Primary,75,4,Yes,5,0
ID_TR6_818,1,39,Male,Free State,Grade 10-11,37,4,Yes,7,0
ID_TR6_819,2,30,Male,Western Cape,Matric (Grade 12),16,1,Yes,1,0
ID_TR6_820,4,42,Male,Western Cape,Primary,72,2,Yes,3,0
ID_TR6_821,1,34,Male,Northern Cape,Matric (Grade 12),18,4,Yes,7,0
ID_TR6_822,5,43,Male,Free State,Matric (Grade 12),44,5,Yes,6,0
ID_TR6_823,5,23,Female,Eastern Cape,Matric (Grade 12),43,2,Yes,8,1
ID_TR6_824,1,42,Female,KwaZulu-Natal,Matric (Grade 12),24,7,Yes,3,0
ID_TR6_825,3,30,Male,Mpumalanga,University Degree,61,7,No,4,0
ID_TR6_826,5,23,Other,Western Cape,Matric (Grade 12),66,7,Yes,3,0
ID_TR6_827,5,33,Male,Limpopo,Matric (Grade 12),47,2,No,6,0
ID_TR6_828,2,23,Other,Gauteng,Primary,57,4,Yes,5,0
ID_TR6_829,5,41,Male,Gauteng,Matric (Grade 12),19,8,Yes,4,0
ID_TR6_830,1,30,Male,North West,University Degree,75,0,Yes,6,1
ID_TR6_831,3,18,Male,Northern Cape,University Degree,63,0,No,1,1
ID_TR6_832,5,38,Female,Western Cape,Primary,17,1,Yes,3,0
ID_TR6_833,1,21,Female,Free State,Tertiary Certificate,64,3,Yes,4,0
ID_TR6_834,5,22,Male,Free State,Matric (Grade 12),34,7,Yes,1,0
ID_TR6_835,1,18,Female,Eastern Cape,Tertiary Certificate,43,0,Yes,3,0
ID_TR6_836,2,41,Male,Northern Cape,None,63,2,Yes,3,0
ID_TR6_837,4,20,Other,Mpumalanga,None,77,2,Yes,1,1
ID_TR6_838,5,35,Female,Eastern Cape,Tertiary Certificate,24,5,Yes,7,0
ID_TR6_839,2,42,Female,Free State,Primary,62,1,Yes,5,1
ID_TR6_840,2,32,Male,Mpumalanga,Matric (Grade 12),62,5,Yes,4,1
ID_TR6_841,2,24,Other,Northern Cape,None,53,0,Yes,6,1
ID_TR6_842,2,32,Male,North West,Grade 10-11,34,6,Yes,2,0
ID_TR6_843,5,29,Female,Limpopo,None,61,2,No,1,0
ID_TR6_844,1,39,Other,Free State,Tertiary Certificate,85,0,Yes,5,1
ID_TR6_845,2,25,Other,Gauteng,Primary,46,8,No,7,0
ID_TR6_846,4,44,Other,North West,University Degree,93,3,Yes,3,1
ID_TR6_847,2,33,Male,Mpumalanga,University Degree,62,6,Yes,8,1
ID_TR6_848,1,29,Other,Western Cape,Primary,31,2,Yes,4,0
ID_TR6_849,5,26,Female,Gauteng,Tertiary Certificate,37,4,Yes,5,0
ID_TR6_850,2,18,Female,Gauteng,None,3,0,Yes,2,0
ID_TR6_851,5,44,Male,Gauteng,Primary,75,0,No,4,1
ID_TR6_852,4,37,Female,Free State,Tertiary Certificate,68,4,No,6,1
ID_TR6_853,4,23,Other,Western Cape,University Degree,82,3,No,8,1
ID_TR6_854,5,20,Other,Gauteng,Primary,24,2,Yes,7,0
ID_TR6_855,5,45,Other,Northern Cape,Primary,34,0,Yes,7,0
ID_TR6_856,5,28,Female,Free State,None,23,6,Yes,4,0
ID_TR6_857,1,43,Female,Gauteng,Grade 10-11,80,8,Yes,8,0
ID_TR6_858,4,28,Male,Northern Cape,University Degree,48,5,No,1,0
ID_TR6_859,5,26,Female,Gauteng,University Degree,78,3,Yes,5,1
ID_TR6_860,5,30,Female,KwaZulu-Natal,None,73,0,Yes,5,1
ID_TR6_861,4,28,Female,Free State,Tertiary Certificate,54,0,Yes,2,1
ID_TR6_862,5,26,Other,Western Cape,Matric (Grade 12),55,5,Yes,6,0
ID_TR6_863,3,43,Male,Northern Cape,Primary,47,0,Yes,1,1
ID_TR6_864,4,38,Male,North West,Matric (Grade 12),48,4,Yes,7,0
ID_TR6_865,1,30,Female,Mpumalanga,Matric (Grade 12),75,7,Yes,4,1
ID_TR6_866,2,25,Female,KwaZulu-Natal,Matric (Grade 12),34,0,Yes,1,1
ID_TR6_867,2,44,Female,Limpopo,Tertiary Certificate,82,3,Yes,8,1
ID_TR6_868,2,34,Male,Gauteng,None,18,0,No,2,0
ID_TR6_869,5,24,Male,Limpopo,None,19,4,Yes,3,0
ID_TR6_870,4,36,Female,Western Cape,Matric (Grade 12),57,3,Yes,8,0
ID_TR6_871,4,33,Female,North West,Tertiary Certificate,29,8,No,5,0
ID_TR6_872,4,32,Male,Northern Cape,None,46,7,Yes,4,1
ID_TR6_873,4,30,Male,Free State,Tertiary Certificate,33,8,Yes,4,1
ID_TR6_874,4,30,Female,Gauteng,None,44,8,Yes,2,0
ID_TR6_875,3,41,Other,Western Cape,None,14,5,Yes,6,0
ID_TR6_876,4,33,Female,Limpopo,Matric (Grade 12),38,7,Yes,7,0
ID_TR6_877,1,34,Female,KwaZulu-Natal,None,23,3,Yes,1,0
ID_TR6_878,2,38,Other,Mpumalanga,None,71,0,Yes,4,1
ID_TR6_879,4,36,Male,Gauteng,Primary,72,0,Yes,1,0
ID_TR6_880,5,35,Female,Eastern Cape,None,33,2,Yes,3,0
ID_TR6_881,4,38,Male,North West,University Degree,75,0,Yes,7,1
ID_TR6_882,3,30,Other,Northern Cape,None,17,1,Yes,5,0
ID_TR6_883,3,35,Other,Free State,Matric (Grade 12),66,4,Yes,7,1
ID_TR6_884,4,20,Male,Gauteng,Matric (Grade 12),72,2,Yes,3,0
ID_TR6_885,1,24,Male,Western Cape,Primary,76,5,Yes,1,1
ID_TR6_886,4,30,Other,Western Cape,Primary,69,4,Yes,2,1
ID_TR6_887,4,25,Male,Free State,Grade 10-11,17,0,No,8,0
ID_TR6_888,5,39,Male,North West,Primary,23,7,No,7,0
ID_TR6_889,3,21,Male,Free State,Matric (Grade 12),79,0,Yes,5,1
ID_TR6_890,4,27,Male,Limpopo,Matric (Grade 12),36,3,No,1,0
ID_TR6_891,2,34,Other,Mpumalanga,None,38,6,Yes,7,0
ID_TR6_892,3,42,Female,Gauteng,Matric (Grade 12),22,4,No,5,0
ID_TR6_893,5,22,Other,Western Cape,University Degree,59,7,Yes,3,1
ID_TR6_894,4,18,Other,Northern Cape,Matric (Grade 12),82,0,Yes,4,1
ID_TR6_895,5,20,Female,Limpopo,Primary,75,2,Yes,3,0
ID_TR6_896,2,27,Female,Eastern Cape,Grade 10-11,70,0,Yes,8,1
ID_TR6_897,4,33,Female,Eastern Cape,Primary,63,1,Yes,7,1
ID_TR6_898,1,44,Female,North West,Matric (Grade 12),25,2,No,6,1
ID_TR6_899,3,21,Female,KwaZulu-Natal,Matric (Grade 12),66,3,No,2,1
ID_TR6_900,5,21,Female,Limpopo,Tertiary Certificate,83,3,Yes,6,1
ID_TR6_901,2,40,Male,Northern Cape,University Degree,30,4,No,5,1
ID_TR6_902,1,33,Female,Western Cape,Matric (Grade 12),31,5,Yes,1,0
ID_TR6_903,1,36,Female,Gauteng,Tertiary Certificate,46,8,No,8,0
ID_TR6_904,2,27,Male,Free State,Tertiary Certificate,54,3,No,3,1
ID_TR6_905,4,32,Female,KwaZulu-Natal,Tertiary Certificate,67,1,No,7,1
ID_TR6_906,1,40,Female,Gauteng,None,76,6,No,7,0
ID_TR6_907,3,38,Male,Western Cape,University Degree,39,7,Yes,7,1
ID_TR6_908,5,37,Female,Western Cape,University Degree,92,0,Yes,8,1
ID_TR6_909,3,23,Male,North West,None,47,0,Yes,6,1
ID_TR6_910,3,35,Female,Eastern Cape,Tertiary Certificate,83,2,No,1,1
ID_TR6_911,3,31,Female,Gauteng,Matric (Grade 12),17,7,Yes,7,0
ID_TR6_912,1,31,Female,Western Cape,Matric (Grade 12),38,0,Yes,8,1
ID_TR6_913,5,29,Other,Western Cape,None,49,8,No,8,0
ID_TR6_914,5,44,Female,Mpumalanga,University Degree,32,1,No,6,1
ID_TR6_915,1,29,Male,Gauteng,University Degree,33,0,Yes,6,1
ID_TR6_916,2,20,Female,Mpumalanga,None,22,0,No,6,0
ID_TR6_917,2,31,Female,Western Cape,Grade 10-11,29,3,Yes,6,0
ID_TR6_918,4,33,Male,Free State,Primary,74,7,Yes,7,0
ID_TR6_919,5,41,Other,Eastern Cape,Primary,32,5,No,2,0
ID_TR6_920,2,37,Female,KwaZulu-Natal,Grade 10-11,53,1,No,7,0
ID_TR6_921,5,34,Other,Gauteng,Grade 10-11,20,5,Yes,2,0
ID_TR6_922,2,24,Other,Western Cape,Primary,71,8,Yes,3,1
ID_TR6_923,1,25,Female,North West,Tertiary Certificate,60,6,Yes,8,0
ID_TR6_924,2,18,Male,Gauteng,Tertiary Certificate,73,0,No,7,0
ID_TR6_925,1,34,Female,Northern Cape,Matric (Grade 12),52,7,Yes,8,1
ID_TR6_926,5,36,Female,Western Cape,None,34,3,Yes,6,0
ID_TR6_927,2,34,Female,Gauteng,Grade 10-11,51,8,No,8,0
ID_TR6_928,5,26,Other,Northern Cape,University Degree,49,5,Yes,7,1
ID_TR6_929,5,45,Male,North West,Grade 10-11,47,5,Yes,3,1
ID_TR6_930,1,29,Female,Western Cape,University Degree,46,8,Yes,1,1
ID_TR6_931,5,23,Female,Limpopo,None,71,2,Yes,3,1
ID_TR6_932,1,41,Other,Free State,University Degree,43,7,Yes,3,0
ID_TR6_933,1,42,Male,Gauteng,Matric (Grade 12),69,4,Yes,2,0
ID_TR6_934,1,30,Female,Mpumalanga,Matric (Grade 12),50,1,Yes,4,0
ID_TR6_935,4,25,Female,Northern Cape,Tertiary Certificate,29,3,Yes,1,0
ID_TR6_936,5,21,Other,Mpumalanga,Matric (Grade 12),23,3,Yes,7,0
ID_TR6_937,3,44,Female,Free State,Matric (Grade 12),22,4,No,6,0
ID_TR6_938,5,40,Female,Western Cape,Primary,30,5,Yes,5,0
ID_TR6_939,4,30,Female,Western Cape,University Degree,41,4,No,4,1
ID_TR6_940,4,21,Male,Eastern Cape,Matric (Grade 12),62,3,Yes,1,1
ID_TR6_941,5,20,Other,Western Cape,Matric (Grade 12),60,2,No,2,0
ID_TR6_942,1,35,Other,Limpopo,Tertiary Certificate,41,1,Yes,5,1
ID_TR6_943,2,27,Male,Western Cape,Matric (Grade 12),50,6,No,7,1
ID_TR6_944,1,30,Female,Free State,Primary,17,1,Yes,7,0
ID_TR6_945,1,37,Other,Northern Cape,Grade 10-11,57,0,No,2,1
ID_TR6_946,3,42,Female,Free State,Matric (Grade 12),75,0,No,7,0
ID_TR6_947,5,22,Other,North West,Tertiary Certificate,31,8,Yes,3,0
ID_TR6_948,5,28,Female,Free State,None,40,2,No,6,1
ID_TR6_949,3,30,Female,Western Cape,Grade 10-11,64,0,Yes,4,1
ID_TR6_950,3,21,Male,KwaZulu-Natal,University Degree,46,3,Yes,4,0
ID_TR6_951,5,20,Female,Free State,University Degree,33,2,Yes,4,1
ID_TR6_952,3,44,Female,Free State,Tertiary Certificate,51,3,No,3,1
ID_TR6_953,4,41,Female,Eastern Cape,None,28,2,No,1,0
ID_TR6_954,4,43,Female,KwaZulu-Natal,Matric (Grade 12),45,5,Yes,7,0
ID_TR6_955,2,24,Other,Northern Cape,Primary,66,0,Yes,5,1
ID_TR6_956,2,20,Female,KwaZulu-Natal,Matric (Grade 12),16,2,Yes,4,0
ID_TR6_957,2,23,Female,Northern Cape,Matric (Grade 12),67,7,Yes,8,0
ID_TR6_958,3,32,Male,KwaZulu-Natal,University Degree,73,3,Yes,1,1
ID_TR6_959,1,22,Female,Western Cape,Primary,52,5,No,1,0
ID_TR6_960,3,19,Other,Mpumalanga,Primary,59,1,No,2,1
ID_TR6_961,3,23,Other,Gauteng,Matric (Grade 12),41,0,No,7,1
ID_TR6_962,3,25,Female,Northern Cape,Matric (Grade 12),16,3,Yes,1,0
ID_TR6_963,4,36,Female,Gauteng,University Degree,56,7,Yes,4,0
ID_TR6_964,1,29,Female,North West,Matric (Grade 12),80,5,Yes,2,1
ID_TR6_965,1,25,Male,Gauteng,None,71,1,Yes,1,1
ID_TR6_966,5,42,Female,Northern Cape,Matric (Grade 12),65,2,Yes,8,0
ID_TR6_967,5,25,Male,Free State,Matric (Grade 12),58,8,No,1,0
ID_TR6_968,5,36,Other,Gauteng,Matric (Grade 12),44,2,Yes,2,0
ID_TR6_969,5,30,Female,Gauteng,None,35,0,Yes,7,0
ID_TR6_970,1,23,Other,Western Cape,Grade 10-11,68,7,No,4,0
ID_TR6_971,1,30,Other,North West,Matric (Grade 12),17,6,Yes,6,0
ID_TR6_972,4,26,Male,Limpopo,Primary,50,5,No,4,0
ID_TR6_973,3,38,Male,Western Cape,Grade 10-11,16,3,Yes,4,0
ID_TR6_974,2,39,Male,Northern Cape,Tertiary Certificate,62,3,Yes,5,1
ID_TR6_975,1,32,Male,Free State,University Degree,76,1,Yes,1,1
ID_TR6_976,3,31,Female,Mpumalanga,Tertiary Certificate,30,3,Yes,4,1
ID_TR6_977,5,43,Female,Western Cape,Tertiary Certificate,83,1,No,2,1
ID_TR6_978,5,26,Female,KwaZulu-Natal,Grade 10-11,84,5,Yes,3,0
ID_TR6_979,3,29,Other,KwaZulu-Natal,Matric (Grade 12),25,3,Yes,5,0
ID_TR6_980,1,21,Female,Gauteng,Tertiary Certificate,45,3,Yes,2,0
ID_TR6_981,2,19,Male,Eastern Cape,Primary,34,1,Yes,4,0
ID_TR6_982,2,26,Female,Mpumalanga,Primary,38,5,No,4,0
ID_TR6_983,2,22,Other,Gauteng,Matric (Grade 12),29,2,Yes,7,1
ID_TR6_984,1,32,Female,Free State,Tertiary Certificate,40,0,Yes,1,1
ID_TR6_985,3,30,Male,North West,Matric (Grade 12),52,4,Yes,2,0
ID_TR6_986,3,41,Female,Gauteng,Grade 10-11,63,8,Yes,8,0
ID_TR6_987,5,21,Male,Limpopo,Tertiary Certificate,75,3,Yes,4,1
ID_TR6_988,4,37,Female,North West,None,28,6,No,1,0
ID_TR6_989,3,37,Other,Western Cape,Matric (Grade 12),44,1,Yes,4,1
ID_TR6_990,2,28,Male,Mpumalanga,Matric (Grade 12),61,5,No,2,1
ID_TR6_991,4,19,Female,Gauteng,Matric (Grade 12),33,1,No,3,1
ID_TR6_992,1,21,Male,Western Cape,None,64,3,No,7,1
ID_TR6_993,3,30,Female,Free State,Matric (Grade 12),40,5,No,5,0
ID_TR6_994,3,32,Male,Gauteng,Matric (Grade 12),33,2,No,5,0
ID_TR6_995,3,35,Male,Gauteng,None,70,1,Yes,5,1
ID_TR6_996,3,42,Male,Northern Cape,Matric (Grade 12),41,3,Yes,6,0
ID_TR6_997,5,32,Male,Gauteng,University Degree,42,3,Yes,2,1
ID_TR6_998,3,18,Other,Free State,Matric (Grade 12),54,0,No,4,1
ID_TR6_999,3,43,Female,North West,None,58,6,No,5,0
ID_TR6_1000,3,33,Male,Western Cape,Primary,61,6,Yes,3,0
ID_TR6_1001,1,19,Female,Free State,Matric (Grade 12),78,1,Yes,5,1
ID_TR6_1002,2,27,Other,Free State,Matric (Grade 12),44,6,No,3,0
ID_TR6_1003,2,34,Other,Free State,Grade 10-11,61,5,Yes,2,1
ID_TR6_1004,5,23,Other,Eastern Cape,Matric (Grade 12),37,8,Yes,3,0
ID_TR6_1005,2,22,Other,Free State,None,46,8,No,3,1
ID_TR6_1006,4,24,Female,Gauteng,Matric (Grade 12),25,5,Yes,8,1
ID_TR6_1007,5,42,Male,Gauteng,Matric (Grade 12),20,3,Yes,2,0
ID_TR6_1008,2,37,Male,Western Cape,None,63,5,No,2,1
ID_TR6_1009,2,45,Female,KwaZulu-Natal,Matric (Grade 12),57,4,Yes,8,0
ID_TR6_1010,4,19,Female,Eastern Cape,Matric (Grade 12),45,1,No,2,1
ID_TR6_1011,1,38,Male,Western Cape,None,54,2,No,6,0
ID_TR6_1012,2,34,Male,Mpumalanga,Primary,56,3,Yes,3,0
ID_TR6_1013,1,38,Female,North West,Matric (Grade 12),67,2,No,8,0
ID_TR6_1014,3,40,Other,Gauteng,Grade 10-11,38,5,Yes,6,0
ID_TR6_1015,3,39,Other,KwaZulu-Natal,Tertiary Certificate,28,0,No,4,0
ID_TR6_1016,5,36,Female,Northern Cape,Matric (Grade 12),59,3,Yes,6,1
ID_TR6_1017,5,21,Female,North West,Matric (Grade 12),77,0,Yes,5,1
ID_TR6_1018,5,25,Male,Free State,University Degree,56,8,Yes,6,1
ID_TR6_1019,3,29,Female,Free State,Matric (Grade 12),42,2,Yes,8,0
ID_TR6_1020,4,23,Female,Gauteng,Matric (Grade 12),43,6,No,8,0
ID_TR6_1021,3,23,Female,KwaZulu-Natal,Primary,44,3,No,1,0
ID_TR6_1022,4,24,Other,Western Cape,Primary,65,7,Yes,3,0
ID_TR6_1023,1,42,Female,Western Cape,Primary,19,3,Yes,3,0
ID_TR6_1024,3,20,Male,Free State,None,33,2,No,8,0
ID_TR6_1025,1,34,Male,Eastern Cape,Tertiary Certificate,63,8,Yes,5,0
ID_TR6_1026,4,20,Male,Northern Cape,Tertiary Certificate,24,2,No,1,0
ID_TR6_1027,4,43,Female,Gauteng,University Degree,74,0,No,7,1
ID_TR6_1028,2,42,Female,Northern Cape,Grade 10-11,49,0,Yes,1,0
ID_TR6_1029,3,45,Female,Free State,Primary,66,3,Yes,5,1
ID_TR6_1030,3,35,Female,Eastern Cape,Matric (Grade 12),37,6,Yes,5,1
ID_TR6_1031,1,37,Male,Limpopo,Grade 10-11,72,3,No,1,1
ID_TR6_1032,2,19,Female,Mpumalanga,Tertiary Certificate,44,0,No,5,0
ID_TR6_1033,2,18,Male,North West,Primary,39,0,Yes,5,0
ID_TR6_1034,4,24,Female,Western Cape,Tertiary Certificate,53,3,Yes,3,1
ID_TR6_1035,4,27,Male,Northern Cape,University Degree,50,4,Yes,4,1
ID_TR6_1036,3,43,Male,Northern Cape,University Degree,41,4,Yes,2,1
ID_TR6_1037,5,45,Other,Eastern Cape,Primary,18,4,Yes,2,0
ID_TR6_1038,3,25,Female,Western Cape,Tertiary Certificate,38,8,Yes,4,1
ID_TR6_1039,3,32,Male,North West,Matric (Grade 12),72,7,Yes,7,0
ID_TR6_1040,2,42,Other,Gauteng,Matric (Grade 12),56,1,Yes,6,0
ID_TR6_1041,1,43,Other,Western Cape,None,25,3,Yes,7,0
ID_TR6_1042,4,36,Female,Limpopo,Grade 10-11,52,0,No,4,0
ID_TR6_1043,2,38,Female,Northern Cape,University Degree,69,7,No,7,0
ID_TR6_1044,1,27,Female,Western Cape,None,43,1,Yes,4,1
ID_TR6_1045,1,24,Female,Limpopo,Primary,55,6,Yes,2,0
ID_TR6_1046,2,25,Other,North West,Matric (Grade 12),71,8,Yes,5,0
ID_TR6_1047,4,28,Male,Western Cape,None,37,1,Yes,6,0
ID_TR6_1048,4,29,Female,Free State,Tertiary Certificate,35,2,Yes,6,0
ID_TR6_1049,5,31,Male,Free State,Matric (Grade 12),45,4,Yes,6,0
ID_TR6_1050,3,28,Female,Gauteng,Matric (Grade 12),48,5,Yes,5,1
ID_TR6_1051,5,29,Male,Northern Cape,Primary,39,2,No,4,0
ID_TR6_1052,2,26,Female,Western Cape,Grade 10-11,28,1,Yes,6,0
ID_TR6_1053,5,36,Female,Western Cape,Matric (Grade 12),30,1,Yes,3,0
ID_TR6_1054,2,32,Male,Gauteng,Matric (Grade 12),33,0,No,3,1
ID_TR6_1055,4,42,Female,Limpopo,Matric (Grade 12),32,3,Yes,3,1
ID_TR6_1056,1,30,Female,Eastern Cape,Matric (Grade 12),75,0,Yes,5,0
ID_TR6_1057,3,31,Male,Northern Cape,Grade 10-11,33,0,Yes,2,0
ID_TR6_1058,2,25,Female,Northern Cape,University Degree,94,8,Yes,2,1
ID_TR6_1059,5,26,Male,Western Cape,Primary,79,6,Yes,4,0
ID_TR6_1060,3,42,Male,Eastern Cape,Matric (Grade 12),81,6,No,2,0
ID_TR6_1061,1,26,Female,KwaZulu-Natal,None,73,4,No,6,1
ID_TR6_1062,1,38,Female,Mpumalanga,University Degree,82,8,Yes,2,0
ID_TR6_1063,3,21,Male,Free State,University Degree,97,1,Yes,8,1
ID_TR6_1064,1,37,Female,KwaZulu-Natal,Tertiary Certificate,53,3,Yes,7,0
ID_TR6_1065,1,29,Male,Free State,Grade 10-11,37,7,Yes,3,0
ID_TR6_1066,3,33,Male,Limpopo,Tertiary Certificate,36,0,Yes,7,0
ID_TR6_1067,4,27,Female,Gauteng,Tertiary Certificate,47,1,No,2,1
ID_TR6_1068,4,34,Female,Gauteng,Matric (Grade 12),82,8,Yes,6,0
ID_TR6_1069,3,27,Male,North West,Grade 10-11,47,1,No,8,0
ID_TR6_1070,4,40,Female,Mpumalanga,Matric (Grade 12),67,8,No,2,0
ID_TR6_1071,1,33,Female,Western Cape,Primary,40,7,No,3,0
ID_TR6_1072,2,39,Other,Free State,Matric (Grade 12),85,3,No,4,0
ID_TR6_1073,1,45,Female,Gauteng,Matric (Grade 12),24,7,Yes,7,0
ID_TR6_1074,4,36,Female,Eastern Cape,Primary,83,8,Yes,8,1
ID_TR6_1075,5,39,Male,Northern Cape,Tertiary Certificate,67,2,Yes,7,1
ID_TR6_1076,2,29,Female,Free State,Grade 10-11,50,4,Yes,3,0
ID_TR6_1077,2,33,Other,Western Cape,Primary,39,4,Yes,8,1
ID_TR6_1078,5,25,Female,Gauteng,Primary,34,8,No,3,0
ID_TR6_1079,2,22,Male,North West,Primary,31,0,Yes,6,1
ID_TR6_1080,3,29,Female,Gauteng,None,15,0,Yes,5,0
ID_TR6_1081,4,43,Female,Gauteng,None,31,3,Yes,5,0
ID_TR6_1082,5,37,Other,Free State,Matric (Grade 12),35,4,No,2,0
ID_TR6_1083,2,31,Other,Gauteng,Tertiary Certificate,38,4,No,4,0
ID_TR6_1084,3,24,Female,Western Cape,Grade 10-11,84,6,Yes,5,1
ID_TR6_1085,1,33,Other,Free State,Tertiary Certificate,71,4,Yes,2,1
ID_TR6_1086,3,37,Female,Western Cape,Primary,30,4,Yes,6,1
ID_TR6_1087,3,39,Other,Northern Cape,None,53,5,No,7,0
ID_TR6_1088,4,24,Female,Western Cape,Matric (Grade 12),35,1,Yes,1,1
ID_TR6_1089,5,20,Female,Gauteng,University Degree,46,2,Yes,3,1
ID_TR6_1090,1,20,Female,Mpumalanga,Grade 10-11,82,2,Yes,1,1
ID_TR6_1091,4,43,Male,Western Cape,Matric (Grade 12),78,2,No,1,0
ID_TR6_1092,4,41,Male,Western Cape,Grade 10-11,29,8,No,5,0
ID_TR6_1093,3,33,Female,Limpopo,University Degree,81,5,No,6,1
ID_TR6_1094,3,23,Male,Limpopo,None,18,8,Yes,1,0
ID_TR6_1095,4,20,Male,Limpopo,Matric (Grade 12),47,2,Yes,4,0
ID_TR6_1096,3,22,Female,Gauteng,Grade 10-11,61,1,No,5,1
ID_TR6_1097,2,39,Female,KwaZulu-Natal,Matric (Grade 12),52,5,No,7,0
ID_TR6_1098,4,24,Female,Western Cape,University Degree,84,1,Yes,8,1
ID_TR6_1099,5,41,Female,Western Cape,None,53,8,No,4,0
ID_TR6_1100,2,29,Female,Limpopo,None,14,8,No,4,0
ID_TR6_1101,2,38,Other,Gauteng,None,63,8,Yes,3,0
ID_TR6_1102,1,34,Female,Northern Cape,Matric (Grade 12),69,1,No,7,1
ID_TR6_1103,5,22,Male,Limpopo,Matric (Grade 12),39,5,Yes,1,0
ID_TR6_1104,5,34,Other,Gauteng,Matric (Grade 12),49,2,No,8,0
ID_TR6_1105,4,25,Female,Limpopo,Grade 10-11,65,0,No,5,0
ID_TR6_1106,1,34,Female,Western Cape,Tertiary Certificate,30,6,Yes,6,1
ID_TR6_1107,2,37,Male,North West,Matric (Grade 12),18,8,No,8,0
ID_TR6_1108,4,45,Female,Northern Cape,Tertiary Certificate,40,7,No,3,0
ID_TR6_1109,3,43,Male,Gauteng,None,76,8,Yes,6,1
ID_TR6_1110,3,32,Female,Gauteng,University Degree,94,0,No,7,1
ID_TR6_1111,2,34,Other,North West,None,60,1,No,6,1
ID_TR6_1112,4,40,Male,Western Cape,None,30,7,Yes,4,0
ID_TR6_1113,5,30,Male,Northern Cape,Tertiary Certificate,36,8,No,3,0
ID_TR6_1114,1,37,Male,Western Cape,Matric (Grade 12),15,0,No,4,0
ID_TR6_1115,4,24,Male,Western Cape,Matric (Grade 12),44,4,Yes,4,1
ID_TR6_1116,5,29,Female,Northern Cape,Primary,38,7,Yes,6,0
ID_TR6_1117,1,41,Male,Western Cape,Matric (Grade 12),71,3,Yes,8,1
ID_TR6_1118,4,27,Female,Gauteng,None,49,1,Yes,2,0
ID_TR6_1119,2,43,Female,Northern Cape,None,46,3,No,5,0
ID_TR6_1120,2,26,Female,Eastern Cape,Tertiary Certificate,48,0,Yes,6,1
ID_TR6_1121,5,36,Other,Gauteng,Primary,73,1,Yes,8,1
ID_TR6_1122,3,28,Female,North West,Matric (Grade 12),26,0,Yes,8,1
ID_TR6_1123,4,30,Male,North West,University Degree,58,5,Yes,2,1
ID_TR6_1124,5,32,Other,Eastern Cape,Tertiary Certificate,86,0,Yes,7,1
ID_TR6_1125,2,21,Female,Gauteng,Tertiary Certificate,62,3,Yes,5,1
ID_TR6_1126,1,38,Female,Mpumalanga,Tertiary Certificate,75,4,No,3,1
ID_TR6_1127,5,39,Female,Free State,Matric (Grade 12),58,5,No,4,1
ID_TR6_1128,3,42,Female,Western Cape,Grade 10-11,25,8,Yes,6,0
ID_TR6_1129,2,23,Male,Eastern Cape,Grade 10-11,31,6,Yes,4,0
ID_TR6_1130,3,20,Other,Mpumalanga,Primary,59,2,Yes,7,0
ID_TR6_1131,1,36,Male,Mpumalanga,Matric (Grade 12),29,2,Yes,5,1
ID_TR6_1132,1,22,Male,North West,University Degree,38,5,Yes,7,1
ID_TR6_1133,2,43,Other,Western Cape,Matric (Grade 12),62,3,Yes,3,0
ID_TR6_1134,5,34,Female,Western Cape,University Degree,29,4,No,1,1
ID_TR6_1135,4,25,Male,Western Cape,Primary,49,8,Yes,2,0
ID_TR6_1136,2,28,Female,Mpumalanga,Matric (Grade 12),23,5,Yes,8,0
ID_TR6_1137,1,32,Male,Western Cape,None,61,2,Yes,5,1
ID_TR6_1138,1,26,Male,Mpumalanga,None,24,6,Yes,5,0
ID_TR6_1139,3,34,Male,Eastern Cape,University Degree,40,5,No,3,0
ID_TR6_1140,5,28,Other,Free State,Grade 10-11,26,3,No,6,0
ID_TR6_1141,4,40,Male,Gauteng,Primary,69,0,Yes,6,0
ID_TR6_1142,1,19,Male,KwaZulu-Natal,Matric (Grade 12),20,1,Yes,2,0
ID_TR6_1143,2,40,Female,Limpopo,University Degree,75,6,Yes,7,1
ID_TR6_1144,1,44,Male,Mpumalanga,Tertiary Certificate,31,7,Yes,8,0
ID_TR6_1145,3,18,Other,Western Cape,University Degree,44,0,Yes,8,1
ID_TR6_1146,5,43,Female,Northern Cape,None,16,8,Yes,8,0
ID_TR6_1147,1,24,Female,Gauteng,Primary,23,1,Yes,6,0
ID_TR6_1148,5,24,Female,Gauteng,Primary,65,8,No,5,0
ID_TR6_1149,1,26,Female,KwaZulu-Natal,Matric (Grade 12),35,1,Yes,8,0
ID_TR6_1150,3,18,Male,Western Cape,University Degree,69,0,Yes,1,1
ID_TR6_1151,4,22,Other,Mpumalanga,Primary,66,8,Yes,7,1
ID_TR6_1152,5,21,Other,Eastern Cape,University Degree,44,3,Yes,2,1
ID_TR6_1153,4,24,Male,Western Cape,Primary,35,7,Yes,4,0
ID_TR6_1154,5,38,Female,Gauteng,Tertiary Certificate,49,4,Yes,5,0
ID_TR6_1155,1,23,Male,Limpopo,None,69,5,Yes,1,0
ID_TR6_1156,4,21,Male,Eastern Cape,Tertiary Certificate,71,0,Yes,3,1
ID_TR6_1157,3,38,Male,Mpumalanga,Primary,81,0,No,5,1
ID_TR6_1158,4,28,Female,Mpumalanga,Grade 10-11,76,8,Yes,2,1
ID_TR6_1159,1,27,Male,Gauteng,Tertiary Certificate,27,3,Yes,2,1
ID_TR6_1160,2,27,Male,Western Cape,Matric (Grade 12),41,8,Yes,4,0
ID_TR6_1161,3,44,Other,Northern Cape,Primary,19,4,Yes,4,0
ID_TR6_1162,5,40,Other,North West,Primary,23,8,Yes,6,0
ID_TR6_1163,3,37,Other,Northern Cape,Grade 10-11,48,5,Yes,8,0
ID_TR6_1164,4,39,Female,Northern Cape,None,60,4,No,5,0
ID_TR6_1165,1,34,Male,Mpumalanga,Tertiary Certificate,30,5,Yes,1,0
ID_TR6_1166,4,39,Male,Western Cape,None,37,7,Yes,3,0
ID_TR6_1167,1,20,Male,Eastern Cape,Matric (Grade 12),40,2,Yes,4,0
ID_TR6_1168,2,40,Female,Northern Cape,Matric (Grade 12),84,7,Yes,2,0
ID_TR6_1169,3,43,Female,Gauteng,Matric (Grade 12),54,2,No,8,0
ID_TR6_1170,3,26,Male,Mpumalanga,None,33,3,Yes,2,0
ID_TR6_1171,3,18,Male,Northern Cape,University Degree,43,0,No,8,1
ID_TR6_1172,2,45,Female,Gauteng,Primary,52,7,No,5,0
ID_TR6_1173,4,26,Other,North West,Grade 10-11,82,1,No,4,0
ID_TR6_1174,5,19,Male,Western Cape,Primary,21,1,Yes,4,0
ID_TR6_1175,2,40,Female,North West,Grade 10-11,55,0,No,5,0
ID_TR6_1176,2,20,Female,KwaZulu-Natal,Primary,32,2,Yes,4,0
ID_TR6_1177,4,41,Female,Western Cape,Matric (Grade 12),51,4,Yes,6,0
ID_TR6_1178,2,25,Other,Eastern Cape,Grade 10-11,57,7,Yes,7,0
ID_TR6_1179,2,27,Other,Western Cape,University Degree,46,4,Yes,8,0
ID_TR6_1180,1,43,Male,Gauteng,University Degree,63,7,No,8,0
ID_TR6_1181,1,38,Male,Western Cape,Matric (Grade 12),59,7,Yes,3,0
ID_TR6_1182,5,25,Male,Gauteng,Matric (Grade 12),73,1,No,1,1
ID_TR6_1183,5,36,Other,Mpumalanga,Matric (Grade 12),79,8,Yes,6,0
ID_TR6_1184,2,26,Female,Free State,Matric (Grade 12),41,2,Yes,3,0
ID_TR6_1185,5,26,Male,North West,University Degree,89,1,Yes,2,1
ID_TR6_1186,5,39,Female,Limpopo,University Degree,33,3,No,7,0
ID_TR6_1187,5,20,Other,Mpumalanga,Matric (Grade 12),55,2,Yes,4,0
ID_TR6_1188,5,38,Male,Free State,Primary,66,1,Yes,5,1
ID_TR6_1189,3,42,Female,Northern Cape,Tertiary Certificate,91,7,Yes,2,1
ID_TR6_1190,1,24,Male,Gauteng,Matric (Grade 12),17,3,Yes,6,0
ID_TR6_1191,5,26,Male,Gauteng,Tertiary Certificate,84,4,Yes,7,1
ID_TR6_1192,3,28,Male,Northern Cape,University Degree,69,4,No,2,1
ID_TR6_1193,4,26,Male,Gauteng,Tertiary Certificate,71,8,Yes,3,1
ID_TR6_1194,5,23,Female,Western Cape,Primary,20,2,No,2,0
ID_TR6_1195,3,27,Female,Gauteng,Tertiary Certificate,70,3,Yes,6,1
ID_TR6_1196,1,43,Female,Eastern Cape,Tertiary Certificate,36,3,No,3,0
ID_TR6_1197,3,36,Male,Gauteng,Matric (Grade 12),23,3,Yes,8,0
ID_TR6_1198,4,18,Female,Gauteng,None,37,0,Yes,1,0
ID_TR6_1199,1,25,Female,Gauteng,None,15,8,Yes,4,0
ID_TR6_1200,2,20,Male,Limpopo,Primary,47,2,No,8,0
ID_TR6_1201,5,25,Male,Western Cape,None,15,0,Yes,3,0
ID_TR6_1202,1,24,Female,Western Cape,Grade 10-11,66,5,Yes,7,0
ID_TR6_1203,2,36,Female,Gauteng,Matric (Grade 12),35,5,No,6,0
ID_TR6_1204,3,22,Male,Gauteng,Primary,50,0,Yes,2,1
ID_TR6_1205,5,36,Female,Eastern Cape,Grade 10-11,75,0,Yes,8,0
ID_TR6_1206,4,36,Female,Limpopo,Primary,35,1,No,2,0
ID_TR6_1207,4,40,Male,Gauteng,Matric (Grade 12),15,2,Yes,8,1
ID_TR6_1208,1,42,Male,North West,Grade 10-11,32,3,Yes,8,0
ID_TR6_1209,4,36,Female,Limpopo,None,8,5,Yes,2,0
ID_TR6_1210,1,30,Male,Limpopo,Matric (Grade 12),28,0,Yes,8,0
ID_TR6_1211,1,41,Female,Gauteng,Grade 10-11,56,3,Yes,6,0
ID_TR6_1212,5,43,Female,Northern Cape,Tertiary Certificate,69,1,No,6,0
ID_TR6_1213,4,18,Female,Free State,Grade 10-11,81,0,No,5,1
ID_TR6_1214,5,28,Male,Eastern Cape,Tertiary Certificate,73,6,Yes,7,1
ID_TR6_1215,2,37,Female,Gauteng,Matric (Grade 12),74,0,No,3,1
ID_TR6_1216,2,32,Male,Western Cape,None,30,6,No,3,1
ID_TR6_1217,2,33,Other,KwaZulu-Natal,Grade 10-11,52,7,Yes,4,0
ID_TR6_1218,1,45,Female,North West,Primary,66,3,No,3,0
ID_TR6_1219,1,22,Male,Western Cape,Matric (Grade 12),61,1,No,6,1
ID_TR6_1220,1,28,Male,KwaZulu-Natal,University Degree,32,1,Yes,3,1
ID_TR6_1221,1,26,Other,Limpopo,University Degree,77,2,No,5,1
ID_TR6_1222,4,27,Female,Gauteng,Primary,53,3,Yes,2,1
ID_TR6_1223,5,18,Female,Free State,Matric (Grade 12),71,0,Yes,1,0
ID_TR6_1224,3,25,Male,Gauteng,Primary,60,7,Yes,3,0
ID_TR6_1225,2,25,Female,Gauteng,None,33,1,Yes,3,0
ID_TR6_1226,4,22,Female,Mpumalanga,Grade 10-11,38,6,No,3,0
ID_TR6_1227,1,25,Male,Limpopo,Grade 10-11,29,1,Yes,7,1
ID_TR6_1228,3,36,Male,Free State,Grade 10-11,17,0,Yes,4,0
ID_TR6_1229,2,25,Male,Mpumalanga,Grade 10-11,79,0,Yes,3,1
ID_TR6_1230,2,31,Male,Gauteng,Matric (Grade 12),37,7,Yes,4,0
ID_TR6_1231,4,38,Male,Free State,Matric (Grade 12),68,5,Yes,6,1
ID_TR6_1232,3,35,Other,KwaZulu-Natal,Tertiary Certificate,27,8,Yes,2,0
ID_TR6_1233,3,21,Female,Eastern Cape,Matric (Grade 12),37,3,Yes,1,0
ID_TR6_1234,1,35,Female,Northern Cape,Matric (Grade 12),23,3,Yes,1,0
ID_TR6_1235,2,44,Other,Western Cape,Tertiary Certificate,85,6,Yes,4,1
ID_TR6_1236,2,28,Female,Western Cape,Matric (Grade 12),33,2,Yes,1,1
ID_TR6_1237,1,30,Male,Gauteng,Matric (Grade 12),26,1,Yes,3,0
ID_TR6_1238,2,26,Other,Northern Cape,Grade 10-11,19,5,Yes,1,0
ID_TR6_1239,1,31,Female,North West,Matric (Grade 12),49,0,Yes,5,0
ID_TR6_1240,1,33,Female,KwaZulu-Natal,Tertiary Certificate,43,3,Yes,7,0
ID_TR6_1241,1,30,Female,Mpumalanga,University Degree,74,4,No,1,1
ID_TR6_1242,5,27,Male,Northern Cape,University Degree,32,4,Yes,2,1
ID_TR6_1243,2,20,Other,Northern Cape,Tertiary Certificate,50,2,Yes,2,1
ID_TR6_1244,2,19,Other,KwaZulu-Natal,Tertiary Certificate,93,1,No,3,1
ID_TR6_1245,5,30,Other,Limpopo,University Degree,46,0,No,1,1
ID_TR6_1246,3,41,Male,Eastern Cape,University Degree,39,2,Yes,2,1
ID_TR6_1247,1,30,Female,Northern Cape,University Degree,52,4,Yes,7,1
ID_TR6_1248,1,22,Female,Western Cape,Matric (Grade 12),54,3,Yes,4,1
ID_TR6_1249,1,26,Male,Eastern Cape,Primary,79,2,No,2,0
ID_TR6_1250,1,18,Female,Eastern Cape,University Degree,55,0,Yes,4,1
ID_TR6_1251,4,35,Other,KwaZulu-Natal,Grade 10-11,66,4,No,6,1
ID_TR6_1252,5,22,Female,Western Cape,Tertiary Certificate,60,5,No,3,0
ID_TR6_1253,1,22,Other,Free State,University Degree,66,6,No,2,1
ID_TR6_1254,3,43,Female,Limpopo,Matric (Grade 12),31,3,Yes,1,1
ID_TR6_1255,1,26,Male,North West,Tertiary Certificate,63,3,Yes,8,0
ID_TR6_1256,4,24,Female,Eastern Cape,None,66,7,Yes,5,0
ID_TR6_1257,5,40,Male,Limpopo,Primary,45,7,No,2,0
ID_TR6_1258,3,32,Female,North West,None,34,6,No,7,0
ID_TR6_1259,4,37,Female,Western Cape,University Degree,91,4,Yes,2,1
ID_TR6_1260,1,28,Male,Northern Cape,Grade 10-11,34,2,Yes,5,0
ID_TR6_1261,5,24,Male,Free State,Matric (Grade 12),69,0,Yes,4,1
ID_TR6_1262,3,22,Female,Western Cape,Matric (Grade 12),80,6,No,2,0
ID_TR6_1263,5,23,Other,KwaZulu-Natal,Tertiary Certificate,36,2,No,8,1
ID_TR6_1264,5,21,Male,Limpopo,Matric (Grade 12),70,3,Yes,4,1
ID_TR6_1265,2,40,Female,Western Cape,None,56,5,Yes,2,1
ID_TR6_1266,4,30,Other,Eastern Cape,Primary,69,0,Yes,7,1
ID_TR6_1267,5,41,Female,Western Cape,Matric (Grade 12),40,5,Yes,6,0
ID_TR6_1268,5,23,Female,Northern Cape,Matric (Grade 12),51,6,Yes,7,0
ID_TR6_1269,2,21,Female,Gauteng,University Degree,52,2,Yes,5,0
ID_TR6_1270,4,30,Male,Eastern Cape,University Degree,57,3,No,5,1
ID_TR6_1271,3,40,Female,Gauteng,Primary,49,6,No,3,0
ID_TR6_1272,3,24,Other,KwaZulu-Natal,Matric (Grade 12),53,2,Yes,4,1
ID_TR6_1273,4,19,Male,Free State,Matric (Grade 12),60,1,Yes,2,1
ID_TR6_1274,1,18,Other,Mpumalanga,Matric (Grade 12),46,0,Yes,3,0
ID_TR6_1275,3,29,Female,KwaZulu-Natal,Tertiary Certificate,85,8,Yes,5,0
ID_TR6_1276,4,36,Female,Northern Cape,Matric (Grade 12),19,2,Yes,2,1
ID_TR6_1277,5,35,Male,Western Cape,University Degree,95,3,Yes,5,1
ID_TR6_1278,4,40,Female,Northern Cape,Matric (Grade 12),26,2,Yes,6,1
ID_TR6_1279,4,30,Male,Gauteng,Tertiary Certificate,84,4,No,8,1
ID_TR6_1280,4,27,Female,Gauteng,None,71,5,Yes,7,1
ID_TR6_1281,3,27,Other,KwaZulu-Natal,Primary,25,6,Yes,8,0
ID_TR6_1282,2,29,Male,Limpopo,Matric (Grade 12),17,3,Yes,2,1
ID_TR6_1283,2,34,Female,Free State,Primary,52,8,Yes,2,0
ID_TR6_1284,4,24,Male,Western Cape,Matric (Grade 12),16,4,Yes,7,0
ID_TR6_1285,4,27,Male,KwaZulu-Natal,Tertiary Certificate,58,5,Yes,8,0
ID_TR6_1286,4,32,Female,KwaZulu-Natal,None,63,2,No,6,0
ID_TR6_1287,4,40,Male,Mpumalanga,Grade 10-11,16,6,No,2,0
ID_TR6_1288,4,34,Female,Gauteng,University Degree,89,2,Yes,4,1
ID_TR6_1289,4,38,Female,North West,University Degree,47,6,Yes,6,0
ID_TR6_1290,2,24,Other,Eastern Cape,Matric (Grade 12),56,1,Yes,1,0
ID_TR6_1291,2,30,Male,Free State,Primary,73,2,Yes,8,1
ID_TR6_1292,1,42,Other,Free State,Primary,33,0,Yes,4,1
ID_TR6_1293,3,31,Other,Free State,Primary,83,0,No,6,1
ID_TR6_1294,5,20,Male,North West,Tertiary Certificate,49,2,Yes,3,0
ID_TR6_1295,5,31,Male,Western Cape,Matric (Grade 12),76,8,No,4,1
ID_TR6_1296,4,26,Male,North West,Primary,72,1,No,3,1
ID_TR6_1297,2,26,Male,Limpopo,Tertiary Certificate,90,7,Yes,5,1
ID_TR6_1298,2,30,Male,Mpumalanga,Primary,68,5,Yes,8,1
ID_TR6_1299,5,45,Male,Free State,Matric (Grade 12),67,2,Yes,8,0
ID_TR6_1300,1,42,Other,Limpopo,Grade 10-11,35,1,Yes,7,1
ID_TR6_1301,5,39,Male,Gauteng,Grade 10-11,28,4,Yes,1,0
ID_TR6_1302,4,40,Male,Eastern Cape,University Degree,91,8,Yes,5,0
ID_TR6_1303,2,36,Male,Free State,Matric (Grade 12),29,7,No,2,0
ID_TR6_1304,5,34,Male,Eastern Cape,Matric (Grade 12),28,0,No,1,0
ID_TR6_1305,5,40,Male,Western Cape,Matric (Grade 12),61,3,Yes,4,0
ID_TR6_1306,1,32,Other,Western Cape,Matric (Grade 12),84,6,Yes,8,1
ID_TR6_1307,5,40,Other,Mpumalanga,None,31,1,No,1,0
ID_TR6_1308,1,44,Male,Limpopo,Matric (Grade 12),17,6,Yes,1,0
ID_TR6_1309,1,31,Male,Eastern Cape,University Degree,61,2,No,3,1
ID_TR6_1310,1,18,Other,Mpumalanga,Matric (Grade 12),44,0,No,4,1
ID_TR6_1311,4,19,Female,KwaZulu-Natal,Primary,28,0,Yes,1,0
ID_TR6_1312,3,30,Female,Northern Cape,Tertiary Certificate,88,2,Yes,7,1
ID_TR6_1313,4,23,Other,Western Cape,None,56,5,Yes,4,1
ID_TR6_1314,2,31,Male,Gauteng,Grade 10-11,75,1,No,8,1
ID_TR6_1315,2,39,Female,Limpopo,Primary,47,5,No,5,0
ID_TR6_1316,5,42,Other,North West,University Degree,67,0,Yes,5,1
ID_TR6_1317,1,23,Female,Limpopo,None,62,5,No,6,0
ID_TR6_1318,4,19,Female,Mpumalanga,Tertiary Certificate,76,1,Yes,7,1
ID_TR6_1319,4,40,Female,North West,Grade 10-11,28,3,Yes,4,1
ID_TR6_1320,3,32,Female,Gauteng,University Degree,32,4,Yes,7,1
ID_TR6_1321,1,19,Female,Western Cape,University Degree,44,1,Yes,4,1
ID_TR6_1322,1,24,Male,Free State,Grade 10-11,41,7,Yes,7,0
ID_TR6_1323,1,41,Male,KwaZulu-Natal,None,29,6,Yes,8,0
ID_TR6_1324,3,30,Male,Free State,Primary,82,6,Yes,2,1
ID_TR6_1325,1,42,Male,Eastern Cape,Matric (Grade 12),61,4,Yes,1,0
ID_TR6_1326,2,35,Other,Western Cape,University Degree,64,8,No,4,0
ID_TR6_1327,2,27,Male,Eastern Cape,None,30,8,No,5,0
ID_TR6_1328,4,35,Female,Gauteng,Grade 10-11,81,8,Yes,5,0
ID_TR6_1329,4,32,Other,Western Cape,Matric (Grade 12),50,3,No,3,0
ID_TR6_1330,1,45,Male,Free State,Matric (Grade 12),45,4,Yes,5,0
ID_TR6_1331,1,28,Other,North West,Tertiary Certificate,43,0,Yes,4,1
ID_TR6_1332,4,32,Male,Limpopo,Matric (Grade 12),79,2,Yes,4,1
ID_TR6_1333,3,25,Male,Gauteng,None,49,5,No,1,0
ID_TR6_1334,3,45,Male,Limpopo,University Degree,76,4,Yes,3,1
ID_TR6_1335,5,21,Male,Free State,None,13,2,Yes,8,0
ID_TR6_1336,2,27,Female,Gauteng,Matric (Grade 12),84,5,No,5,1
ID_TR6_1337,4,34,Female,Mpumalanga,Primary,78,4,Yes,3,0
ID_TR6_1338,1,39,Male,Free State,Primary,21,4,Yes,4,1
ID_TR6_1339,3,45,Female,Mpumalanga,Tertiary Certificate,37,7,Yes,4,1
ID_TR6_1340,3,24,Female,Northern Cape,Matric (Grade 12),18,1,Yes,8,0
ID_TR6_1341,2,35,Male,Gauteng,Grade 10-11,63,6,No,1,0
ID_TR6_1342,4,18,Female,Western Cape,Tertiary Certificate,25,0,Yes,6,0
ID_TR6_1343,2,44,Female,Gauteng,Matric (Grade 12),75,8,No,1,0
ID_TR6_1344,2,28,Other,Free State,Matric (Grade 12),24,5,Yes,1,0
ID_TR6_1345,5,40,Female,KwaZulu-Natal,Grade 10-11,25,6,Yes,6,0
ID_TR6_1346,3,38,Male,Gauteng,Matric (Grade 12),48,3,Yes,8,1
ID_TR6_1347,4,18,Female,Western Cape,Matric (Grade 12),29,0,Yes,1,0
ID_TR6_1348,3,35,Other,Western Cape,Matric (Grade 12),53,7,No,2,0
ID_TR6_1349,5,41,Female,Mpumalanga,None,77,1,Yes,5,0
ID_TR6_1350,5,29,Female,Gauteng,None,7,6,No,7,0
ID_TR6_1351,4,45,Female,Western Cape,Tertiary Certificate,80,0,Yes,3,1
ID_TR6_1352,2,41,Female,North West,Matric (Grade 12),36,0,Yes,6,0
ID_TR6_1353,1,33,Female,Gauteng,None,67,1,No,7,1
ID_TR6_1354,3,28,Female,Western Cape,Grade 10-11,42,4,Yes,3,1
ID_TR6_1355,5,43,Female,Western Cape,None,41,2,Yes,7,0
ID_TR6_1356,1,21,Other,Northern Cape,Matric (Grade 12),57,3,Yes,4,1
ID_TR6_1357,4,29,Other,North West,Matric (Grade 12),50,4,Yes,8,0
ID_TR6_1358,1,30,Female,Western Cape,Primary,71,3,No,7,1
ID_TR6_1359,3,24,Female,Eastern Cape,None,20,3,No,1,0
ID_TR6_1360,2,24,Other,Northern Cape,Grade 10-11,47,6,No,5,0
ID_TR6_1361,1,27,Other,Free State,Matric (Grade 12),81,7,Yes,4,1
ID_TR6_1362,1,37,Male,Western Cape,Primary,21,2,No,4,0
ID_TR6_1363,3,29,Other,Western Cape,University Degree,65,5,No,1,1
ID_TR6_1364,3,18,Other,KwaZulu-Natal,Primary,68,0,Yes,7,0
ID_TR6_1365,1,42,Female,Mpumalanga,Primary,33,1,Yes,3,0
ID_TR6_1366,4,30,Female,Gauteng,Primary,52,6,No,3,0
ID_TR6_1367,4,26,Other,Free State,Grade 10-11,36,2,Yes,6,1
ID_TR6_1368,5,33,Male,Gauteng,Grade 10-11,18,8,No,7,0
ID_TR6_1369,5,18,Other,Eastern Cape,Primary,46,0,Yes,7,1
ID_TR6_1370,1,29,Male,Gauteng,Tertiary Certificate,24,8,No,8,0
ID_TR6_1371,4,29,Other,Mpumalanga,Tertiary Certificate,33,0,No,4,1
ID_TR6_1372,4,18,Male,KwaZulu-Natal,Matric (Grade 12),56,0,Yes,2,1
ID_TR6_1373,3,19,Male,Western Cape,Primary,17,1,Yes,8,0
ID_TR6_1374,5,37,Other,Limpopo,Matric (Grade 12),43,7,Yes,2,0
ID_TR6_1375,5,26,Male,Gauteng,Primary,58,3,Yes,3,0
ID_TR6_1376,4,27,Male,KwaZulu-Natal,None,31,8,Yes,1,0
ID_TR6_1377,4,43,Other,Western Cape,Matric (Grade 12),59,6,No,3,0
ID_TR6_1378,5,34,Other,Free State,University Degree,48,8,Yes,6,1
ID_TR6_1379,1,22,Female,Free State,Primary,40,8,No,6,0
ID_TR6_1380,4,38,Male,North West,None,36,8,Yes,4,0
ID_TR6_1381,2,29,Other,Western Cape,Matric (Grade 12),46,0,No,2,1
ID_TR6_1382,3,42,Male,Western Cape,Grade 10-11,77,4,No,6,1
ID_TR6_1383,4,42,Female,Northern Cape,University Degree,34,6,No,8,1
ID_TR6_1384,2,36,Male,Mpumalanga,University Degree,66,8,Yes,2,0
ID_TR6_1385,5,21,Male,Western Cape,Tertiary Certificate,82,2,Yes,3,1
ID_TR6_1386,3,29,Male,Eastern Cape,None,38,5,No,4,0
ID_TR6_1387,3,23,Female,KwaZulu-Natal,Tertiary Certificate,55,4,No,6,0
ID_TR6_1388,4,31,Female,Mpumalanga,University Degree,84,8,No,1,1
ID_TR6_1389,3,32,Other,Free State,Grade 10-11,32,8,Yes,7,0
ID_TR6_1390,1,32,Female,Western Cape,Matric (Grade 12),71,0,No,5,1
ID_TR6_1391,4,32,Male,Mpumalanga,None,53,5,Yes,8,0
ID_TR6_1392,1,29,Female,Northern Cape,Primary,75,8,No,2,0
ID_TR6_1393,1,43,Male,Eastern Cape,Matric (Grade 12),65,0,Yes,2,1
ID_TR6_1394,5,35,Female,Western Cape,None,0,4,Yes,5,0
ID_TR6_1395,4,39,Male,Gauteng,Matric (Grade 12),32,0,Yes,7,1
ID_TR6_1396,2,38,Female,Mpumalanga,University Degree,63,7,No,5,1
ID_TR6_1397,3,42,Female,Gauteng,Matric (Grade 12),81,2,No,5,0
ID_TR6_1398,2,31,Other,Western Cape,Tertiary Certificate,25,4,No,8,0
ID_TR6_1399,5,26,Male,Free State,University Degree,93,3,Yes,2,1
ID_TR6_1400,1,36,Female,North West,University Degree,37,0,Yes,4,1
ID_TR6_1401,1,26,Male,Mpumalanga,Matric (Grade 12),27,1,Yes,1,0
ID_TR6_1402,3,28,Female,Western Cape,Matric (Grade 12),63,2,Yes,8,0
ID_TR6_1403,3,21,Male,Limpopo,Tertiary Certificate,76,3,Yes,8,1
ID_TR6_1404,1,34,Male,Northern Cape,None,62,7,Yes,8,0
ID_TR6_1405,5,27,Male,Gauteng,Matric (Grade 12),79,0,Yes,6,1
ID_TR6_1406,3,31,Male,Eastern Cape,Tertiary Certificate,79,8,No,7,0
ID_TR6_1407,3,21,Other,Northern Cape,Matric (Grade 12),51,3,Yes,1,0
ID_TR6_1408,4,19,Female,Limpopo,Primary,64,1,Yes,1,1
ID_TR6_1409,4,44,Female,Mpumalanga,Grade 10-11,20,6,No,4,1
ID_TR6_1410,2,24,Female,North West,University Degree,52,7,Yes,8,1
ID_TR6_1411,2,44,Other,Gauteng,Primary,71,4,No,8,1
ID_TR6_1412,2,41,Male,Western Cape,Grade 10-11,33,0,Yes,8,0
ID_TR6_1413,5,26,Male,Western Cape,None,66,6,Yes,1,1
ID_TR6_1414,3,27,Female,KwaZulu-Natal,Primary,71,6,Yes,3,0
ID_TR6_1415,1,23,Other,Mpumalanga,University Degree,76,1,Yes,3,1
ID_TR6_1416,3,41,Male,Limpopo,Tertiary Certificate,62,4,Yes,2,0
ID_TR6_1417,4,40,Female,Limpopo,Tertiary Certificate,25,3,No,7,1
ID_TR6_1418,4,35,Female,North West,None,22,7,Yes,1,0
ID_TR6_1419,4,34,Other,Western Cape,University Degree,69,2,Yes,7,1
ID_TR6_1420,2,41,Female,Western Cape,Primary,59,7,Yes,2,1
ID_TR6_1421,1,20,Other,Gauteng,Primary,21,1,Yes,8,0
ID_TR6_1422,2,26,Male,North West,Tertiary Certificate,49,1,Yes,5,1
ID_TR6_1423,1,18,Male,Free State,Tertiary Certificate,77,0,Yes,6,1
ID_TR6_1424,3,31,Male,KwaZulu-Natal,Primary,38,5,Yes,1,0
ID_TR6_1425,1,21,Male,Gauteng,Primary,50,3,Yes,7,1
ID_TR6_1426,2,44,Female,Free State,Tertiary Certificate,77,0,No,2,1
ID_TR6_1427,5,18,Male,Eastern Cape,None,22,0,No,3,0
ID_TR6_1428,4,19,Female,Free State,Primary,77,1,Yes,5,1
ID_TR6_1429,1,19,Female,Western Cape,Matric (Grade 12),24,1,Yes,8,0
ID_TR6_1430,3,33,Female,KwaZulu-Natal,Primary,84,5,No,1,0
ID_TR6_1431,1,27,Female,Limpopo,Primary,50,0,Yes,1,0
ID_TR6_1432,5,32,Female,Free State,University Degree,71,2,Yes,8,0
ID_TR6_1433,5,31,Male,North West,Tertiary Certificate,87,1,Yes,6,1
ID_TR6_1434,5,33,Female,Northern Cape,Tertiary Certificate,36,7,Yes,8,1
ID_TR6_1435,4,39,Male,Limpopo,Matric (Grade 12),69,5,Yes,7,0
ID_TR6_1436,1,25,Female,North West,Tertiary Certificate,64,5,No,3,0
ID_TR6_1437,4,37,Female,KwaZulu-Natal,Primary,79,8,Yes,5,0
ID_TR6_1438,2,27,Male,Eastern Cape,University Degree,43,0,Yes,4,1
ID_TR6_1439,2,37,Male,Western Cape,Grade 10-11,42,1,Yes,8,0
ID_TR6_1440,1,35,Other,Mpumalanga,University Degree,73,1,Yes,5,1
ID_TR6_1441,1,18,Other,Gauteng,Matric (Grade 12),19,0,Yes,5,0
ID_TR6_1442,2,34,Other,KwaZulu-Natal,Matric (Grade 12),80,6,Yes,8,0
ID_TR6_1443,3,29,Female,Northern Cape,Grade 10-11,80,3,Yes,6,1
ID_TR6_1444,4,25,Female,Western Cape,Grade 10-11,36,4,No,5,0
ID_TR6_1445,1,40,Male,North West,None,49,2,Yes,4,0
ID_TR6_1446,4,33,Other,North West,Matric (Grade 12),16,3,No,1,0
ID_TR6_1447,1,29,Other,Limpopo,Primary,79,8,No,1,0
ID_TR6_1448,1,18,Other,Gauteng,Matric (Grade 12),75,0,Yes,7,1
ID_TR6_1449,3,27,Female,Western Cape,None,12,4,Yes,2,0
ID_TR6_1450,1,36,Female,North West,Matric (Grade 12),58,5,Yes,5,0
ID_TR6_1451,1,42,Male,Western Cape,Grade 10-11,31,1,No,3,1
ID_TR6_1452,5,43,Female,Eastern Cape,University Degree,88,0,No,6,1
ID_TR6_1453,3,24,Male,Gauteng,None,24,0,Yes,7,0
ID_TR6_1454,2,39,Female,Western Cape,Grade 10-11,46,7,Yes,1,0
ID_TR6_1455,3,28,Female,KwaZulu-Natal,Primary,73,7,Yes,7,0
ID_TR6_1456,3,38,Male,North West,Primary,35,2,Yes,4,0
ID_TR6_1457,3,45,Female,North West,University Degree,99,7,No,3,1
ID_TR6_1458,1,22,Male,Free State,Primary,62,6,Yes,1,1
ID_TR6_1459,5,30,Male,Western Cape,Grade 10-11,48,6,No,7,0
ID_TR6_1460,3,32,Male,Northern Cape,Tertiary Certificate,77,1,Yes,8,1
ID_TR6_1461,4,33,Male,North West,Grade 10-11,19,1,Yes,5,0
ID_TR6_1462,4,32,Male,KwaZulu-Natal,None,70,8,Yes,2,0
ID_TR6_1463,5,30,Other,Limpopo,None,3,5,Yes,2,0
ID_TR6_1464,3,20,Male,Gauteng,Grade 10-11,51,0,Yes,3,1
ID_TR6_1465,4,24,Male,Gauteng,Tertiary Certificate,37,5,No,6,0
ID_TR6_1466,4,19,Female,Northern Cape,University Degree,58,0,Yes,1,1
ID_TR6_1467,4,20,Other,Gauteng,Grade 10-11,80,1,No,4,0
ID_TR6_1468,5,21,Female,KwaZulu-Natal,Tertiary Certificate,53,1,Yes,4,1
ID_TR6_1469,5,31,Male,Free State,Matric (Grade 12),36,0,Yes,3,0
ID_TR6_1470,5,31,Female,North West,Matric (Grade 12),27,6,Yes,7,0
ID_TR6_1471,1,24,Male,North West,Grade 10-11,37,0,Yes,2,0
ID_TR6_1472,3,27,Male,Western Cape,Matric (Grade 12),29,6,Yes,5,0
ID_TR6_1473,1,40,Female,Northern Cape,Primary,66,1,Yes,4,1
ID_TR6_1474,3,33,Other,Eastern Cape,Grade 10-11,50,6,Yes,5,0
ID_TR6_1475,4,41,Male,Mpumalanga,Tertiary Certificate,49,1,Yes,2,0
ID_TR6_1476,1,20,Female,Mpumalanga,Tertiary Certificate,41,1,No,2,0
ID_TR6_1477,5,37,Male,Western Cape,Matric (Grade 12),25,5,Yes,7,0
ID_TR6_1478,5,32,Other,Eastern Cape,Tertiary Certificate,88,4,Yes,8,1
ID_TR6_1479,1,19,Other,Limpopo,None,71,1,Yes,2,0
ID_TR6_1480,2,44,Male,Western Cape,Matric (Grade 12),17,5,Yes,4,1
ID_TR6_1481,3,39,Female,Eastern Cape,Primary,31,8,Yes,4,0
ID_TR6_1482,2,42,Male,KwaZulu-Natal,Matric (Grade 12),69,5,Yes,4,0
ID_TR6_1483,1,36,Male,Northern Cape,Grade 10-11,63,6,Yes,7,1
ID_TR6_1484,1,42,Female,Free State,Primary,33,8,Yes,7,0
ID_TR6_1485,5,27,Male,Limpopo,Primary,39,3,No,2,0
ID_TR6_1486,4,23,Other,KwaZulu-Natal,Primary,78,5,Yes,8,1
ID_TR6_1487,2,29,Female,Free State,Matric (Grade 12),48,5,Yes,8,1
ID_TR6_1488,2,44,Other,Eastern Cape,Matric (Grade 12),27,8,Yes,6,0
ID_TR6_1489,4,34,Female,Gauteng,Matric (Grade 12),72,3,No,5,1
ID_TR6_1490,2,18,Other,Western Cape,Primary,79,0,No,8,1
ID_TR6_1491,1,36,Male,Mpumalanga,Primary,28,1,Yes,2,1
ID_TR6_1492,4,25,Female,Western Cape,Grade 10-11,21,2,Yes,4,0
ID_TR6_1493,3,37,Male,Limpopo,None,59,6,Yes,3,1
ID_TR6_1494,5,31,Female,Northern Cape,None,51,2,Yes,2,1
ID_TR6_1495,3,30,Female,North West,Grade 10-11,63,3,Yes,5,0
ID_TR6_1496,4,39,Male,Mpumalanga,Matric (Grade 12),35,4,No,5,0
ID_TR6_1497,1,30,Female,Western Cape,Primary,55,0,No,8,0
ID_TR6_1498,4,30,Other,North West,None,29,2,No,2,0
ID_TR6_1499,5,30,Male,Gauteng,Primary,25,6,Yes,1,0
ID_TR6_1500,5,18,Female,Western Cape,Matric (Grade 12),42,0,Yes,7,1
ID_TR6_1501,1,39,Female,KwaZulu-Natal,Matric (Grade 12),54,6,Yes,7,0
ID_TR6_1502,2,43,Female,Eastern Cape,None,58,0,No,1,0
ID_TR6_1503,1,25,Female,Eastern Cape,University Degree,83,3,Yes,5,1
ID_TR6_1504,2,20,Male,Western Cape,Grade 10-11,72,2,No,6,1
ID_TR6_1505,1,42,Female,Limpopo,Matric (Grade 12),85,2,Yes,7,1
ID_TR6_1506,4,18,Male,Western Cape,Matric (Grade 12),25,0,No,6,0
ID_TR6_1507,1,33,Male,Free State,Tertiary Certificate,44,8,No,2,0
ID_TR6_1508,1,37,Male,Gauteng,Matric (Grade 12),62,8,Yes,1,0
ID_TR6_1509,3,27,Female,Gauteng,Matric (Grade 12),51,1,Yes,8,0
ID_TR6_1510,4,37,Female,Western Cape,Grade 10-11,70,3,No,8,1
ID_TR6_1511,4,41,Male,Northern Cape,Matric (Grade 12),61,7,No,2,0
ID_TR6_1512,3,31,Female,Gauteng,Matric (Grade 12),31,3,Yes,2,1
ID_TR6_1513,5,26,Male,KwaZulu-Natal,None,35,2,Yes,7,0
ID_TR6_1514,4,34,Female,Free State,Tertiary Certificate,89,5,Yes,3,1
ID_TR6_1515,5,25,Male,North West,Grade 10-11,15,1,No,2,0
ID_TR6_1516,5,28,Male,Gauteng,None,74,2,Yes,1,1
ID_TR6_1517,1,25,Female,Free State,University Degree,32,7,No,3,1
ID_TR6_1518,1,31,Female,Gauteng,Matric (Grade 12),31,1,Yes,8,0
ID_TR6_1519,3,43,Male,Limpopo,Matric (Grade 12),62,2,Yes,2,1
ID_TR6_1520,3,42,Male,Gauteng,None,41,4,Yes,3,0
ID_TR6_1521,2,21,Female,Western Cape,Grade 10-11,22,3,Yes,8,0
ID_TR6_1522,3,26,Male,Northern Cape,University Degree,90,7,Yes,4,1
ID_TR6_1523,5,33,Male,KwaZulu-Natal,None,35,6,Yes,7,0
ID_TR6_1524,2,30,Other,Western Cape,Matric (Grade 12),56,4,No,6,1
ID_TR6_1525,4,28,Other,Mpumalanga,Tertiary Certificate,89,3,Yes,8,1
ID_TR6_1526,2,37,Other,North West,Primary,83,8,Yes,4,0
ID_TR6_1527,1,19,Female,North West,Grade 10-11,80,1,No,3,1
ID_TR6_1528,5,44,Male,Western Cape,Matric (Grade 12),55,8,Yes,3,0
ID_TR6_1529,1,27,Female,North West,Primary,35,8,No,5,1
ID_TR6_1530,5,26,Male,Gauteng,Primary,58,8,Yes,2,0
ID_TR6_1531,3,36,Male,Gauteng,University Degree,29,0,Yes,6,0
ID_TR6_1532,3,45,Female,KwaZulu-Natal,Primary,60,8,Yes,8,0
ID_TR6_1533,1,38,Male,Eastern Cape,None,35,7,Yes,5,0
ID_TR6_1534,4,33,Female,Eastern Cape,Primary,34,3,Yes,7,0
ID_TR6_1535,1,31,Female,Mpumalanga,University Degree,64,0,Yes,1,1
ID_TR6_1536,5,20,Other,Free State,None,35,0,Yes,4,1
ID_TR6_1537,4,22,Male,Northern Cape,Grade 10-11,27,8,Yes,8,0
ID_TR6_1538,3,29,Male,KwaZulu-Natal,Tertiary Certificate,80,6,No,5,0
ID_TR6_1539,3,27,Female,Gauteng,Tertiary Certificate,34,6,Yes,5,0
ID_TR6_1540,2,32,Male,Western Cape,University Degree,50,4,Yes,3,0
ID_TR6_1541,1,40,Male,Northern Cape,Matric (Grade 12),73,7,Yes,6,1
ID_TR6_1542,4,24,Female,Northern Cape,Primary,67,2,Yes,3,0
ID_TR6_1543,3,31,Female,Western Cape,Matric (Grade 12),46,5,No,6,0
ID_TR6_1544,4,42,Other,North West,Grade 10-11,62,2,No,5,0
ID_TR6_1545,3,41,Male,Limpopo,Tertiary Certificate,67,5,No,2,0
ID_TR6_1546,4,39,Male,Western Cape,None,76,7,No,6,0
ID_TR6_1547,5,39,Male,Eastern Cape,University Degree,32,5,Yes,7,0
ID_TR6_1548,2,23,Other,Limpopo,Tertiary Certificate,34,0,Yes,7,1
ID_TR6_1549,3,26,Other,North West,Tertiary Certificate,62,8,Yes,4,1
ID_TR6_1550,3,34,Female,Western Cape,Matric (Grade 12),21,2,No,1,0
ID_TR6_1551,3,33,Female,Mpumalanga,None,56,6,Yes,4,0
ID_TR6_1552,1,20,Other,Limpopo,Primary,51,2,Yes,6,1
ID_TR6_1553,5,24,Female,KwaZulu-Natal,Primary,38,1,No,3,0
ID_TR6_1554,2,42,Female,Eastern Cape,Grade 10-11,61,2,Yes,7,0
ID_TR6_1555,1,33,Male,Western Cape,Matric (Grade 12),30,0,Yes,3,1
ID_TR6_1556,4,38,Male,North West,Tertiary Certificate,80,1,Yes,5,1
ID_TR6_1557,2,33,Female,Western Cape,Primary,44,5,Yes,2,0
ID_TR6_1558,2,44,Female,Western Cape,Primary,21,1,Yes,3,0
ID_TR6_1559,3,21,Female,Western Cape,University Degree,28,3,Yes,1,1
ID_TR6_1560,1,26,Female,North West,None,69,1,Yes,6,1
ID_TR6_1561,3,32,Female,Eastern Cape,None,47,8,Yes,7,0
ID_TR6_1562,3,33,Other,North West,Grade 10-11,59,3,Yes,8,1
ID_TR6_1563,5,40,Male,KwaZulu-Natal,University Degree,56,4,No,1,1
ID_TR6_1564,2,21,Female,Northern Cape,None,46,2,Yes,1,1
ID_TR6_1565,4,37,Male,Gauteng,Grade 10-11,78,6,No,4,0
ID_TR6_1566,3,20,Male,Eastern Cape,None,15,2,Yes,8,0
ID_TR6_1567,5,22,Male,Western Cape,Grade 10-11,66,0,Yes,2,1
ID_TR6_1568,5,45,Other,North West,None,29,4,No,3,0
ID_TR6_1569,4,21,Male,Free State,Primary,67,1,No,5,1
ID_TR6_1570,5,33,Female,Free State,Matric (Grade 12),24,1,No,8,0
ID_TR6_1571,5,22,Other,Western Cape,Grade 10-11,39,8,No,8,0
ID_TR6_1572,3,20,Female,North West,Tertiary Certificate,26,2,No,1,0
ID_TR6_1573,1,36,Female,Western Cape,Tertiary Certificate,57,8,Yes,2,0
ID_TR6_1574,5,44,Other,Eastern Cape,Matric (Grade 12),53,1,No,2,1
ID_TR6_1575,1,27,Female,KwaZulu-Natal,University Degree,33,2,Yes,1,1
ID_TR6_1576,5,29,Male,North West,None,45,7,No,3,0
ID_TR6_1577,2,31,Male,Northern Cape,Tertiary Certificate,39,4,Yes,6,1
ID_TR6_1578,1,42,Female,Limpopo,Primary,70,4,Yes,1,1
ID_TR6_1579,2,35,Female,Western Cape,Matric (Grade 12),64,4,Yes,8,1
ID_TR6_1580,4,44,Male,Eastern Cape,Tertiary Certificate,28,2,Yes,2,0
ID_TR6_1581,5,26,Other,Northern Cape,None,49,4,Yes,6,1
ID_TR6_1582,3,37,Other,Western Cape,University Degree,94,0,Yes,4,1
ID_TR6_1583,5,37,Female,Western Cape,Grade 10-11,52,8,No,3,1
ID_TR6_1584,5,31,Female,Eastern Cape,None,5,7,Yes,1,1
ID_TR6_1585,1,37,Male,Free State,Matric (Grade 12),28,7,Yes,3,0
ID_TR6_1586,5,28,Male,Gauteng,Grade 10-11,22,5,Yes,6,0
ID_TR6_1587,2,39,Female,Northern Cape,University Degree,85,0,No,8,1
ID_TR6_1588,3,33,Female,Gauteng,University Degree,83,5,No,1,0
ID_TR6_1589,2,38,Other,Gauteng,Tertiary Certificate,34,7,Yes,3,0
ID_TR6_1590,5,34,Male,Free State,Tertiary Certificate,62,4,Yes,2,0
ID_TR6_1591,2,19,Female,Western Cape,University Degree,33,1,Yes,3,0
ID_TR6_1592,2,22,Male,KwaZulu-Natal,Matric (Grade 12),43,2,Yes,3,0
ID_TR6_1593,4,33,Female,Mpumalanga,Grade 10-11,56,3,Yes,2,1
ID_TR6_1594,3,31,Female,Eastern Cape,Matric (Grade 12),30,8,Yes,7,1
ID_TR6_1595,1,31,Female,Northern Cape,Matric (Grade 12),29,3,Yes,6,0
ID_TR6_1596,5,42,Female,Mpumalanga,Tertiary Certificate,68,0,Yes,2,1
ID_TR6_1597,2,25,Female,North West,Primary,65,5,No,2,0
ID_TR6_1598,3,18,Female,Western Cape,Grade 10-11,52,0,No,6,0
ID_TR6_1599,5,38,Male,Western Cape,None,65,4,Yes,8,1
ID_TR6_1600,2,43,Male,Western Cape,Grade 10-11,41,1,Yes,6,0
ID_TR6_1601,5,33,Male,Gauteng,Matric (Grade 12),44,4,No,3,1
ID_TR6_1602,5,36,Female,Limpopo,Matric (Grade 12),53,2,No,1,1
ID_TR6_1603,3,39,Male,Mpumalanga,Primary,45,1,No,6,0
ID_TR6_1604,2,33,Male,Eastern Cape,Grade 10-11,30,3,Yes,5,1
ID_TR6_1605,1,31,Female,North West,University Degree,41,5,No,8,0
ID_TR6_1606,2,35,Male,Northern Cape,University Degree,77,0,Yes,1,1
ID_TR6_1607,2,38,Female,Western Cape,None,5,6,Yes,5,1
ID_TR6_1608,2,27,Male,North West,University Degree,45,5,No,8,1
ID_TR6_1609,4,22,Male,Free State,Tertiary Certificate,27,5,Yes,7,0
ID_TR6_1610,5,21,Female,Eastern Cape,Matric (Grade 12),48,3,Yes,2,0
ID_TR6_1611,1,18,Male,Western Cape,Primary,52,0,No,2,1
ID_TR6_1612,4,18,Female,Free State,Tertiary Certificate,61,0,Yes,2,1
ID_TR6_1613,1,22,Other,North West,Primary,46,7,Yes,8,0
ID_TR6_1614,3,24,Female,Western Cape,University Degree,35,2,Yes,5,1
ID_TR6_1615,3,27,Male,Northern Cape,University Degree,31,2,Yes,4,1
ID_TR6_1616,5,28,Female,Free State,Primary,36,6,No,3,0
ID_TR6_1617,5,25,Other,Limpopo,Matric (Grade 12),16,6,Yes,2,0
ID_TR6_1618,2,18,Male,KwaZulu-Natal,Matric (Grade 12),27,0,Yes,7,1
ID_TR6_1619,3,20,Female,Western Cape,Grade 10-11,35,0,Yes,8,0
ID_TR6_1620,1,25,Male,Mpumalanga,Grade 10-11,81,6,No,3,1
ID_TR6_1621,5,41,Male,Limpopo,Primary,38,4,Yes,8,0
ID_TR6_1622,4,21,Male,Gauteng,None,53,3,No,2,0
ID_TR6_1623,5,29,Other,KwaZulu-Natal,Primary,72,6,Yes,6,1
ID_TR6_1624,5,27,Female,Mpumalanga,University Degree,65,6,Yes,2,1
ID_TR6_1625,4,22,Other,North West,Grade 10-11,70,5,Yes,3,0
ID_TR6_1626,3,42,Female,Gauteng,Primary,59,4,No,5,0
ID_TR6_1627,2,41,Female,Limpopo,Matric (Grade 12),51,2,No,1,1
ID_TR6_1628,3,34,Female,North West,Matric (Grade 12),63,8,Yes,5,1
ID_TR6_1629,5,35,Other,Northern Cape,None,64,0,Yes,6,0
ID_TR6_1630,4,22,Other,Gauteng,Matric (Grade 12),23,3,No,4,0
ID_TR6_1631,4,35,Female,Gauteng,Grade 10-11,42,6,No,4,0
ID_TR6_1632,4,19,Male,Mpumalanga,None,50,1,No,2,0
ID_TR6_1633,4,18,Female,Limpopo,Matric (Grade 12),34,0,No,3,0
ID_TR6_1634,3,22,Other,Gauteng,None,58,6,No,8,0
ID_TR6_1635,3,20,Female,North West,University Degree,71,1,No,4,1
ID_TR6_1636,4,22,Other,North West,Matric (Grade 12),82,6,No,7,0
ID_TR6_1637,2,33,Female,North West,Matric (Grade 12),33,0,Yes,5,1
ID_TR6_1638,4,43,Male,Free State,None,55,7,Yes,4,1
ID_TR6_1639,2,22,Male,North West,Matric (Grade 12),66,8,Yes,5,0
ID_TR6_1640,2,36,Other,Gauteng,Grade 10-11,49,8,No,2,0
ID_TR6_1641,5,19,Female,North West,Matric (Grade 12),26,1,Yes,1,0
ID_TR6_1642,3,20,Other,Limpopo,None,24,2,No,4,0
ID_TR6_1643,5,28,Other,Mpumalanga,Matric (Grade 12),22,1,Yes,5,1
ID_TR6_1644,3,36,Female,Free State,Tertiary Certificate,80,0,No,3,1
ID_TR6_1645,4,22,Female,KwaZulu-Natal,Primary,68,5,Yes,3,0
ID_TR6_1646,2,22,Male,Free State,Matric (Grade 12),65,0,Yes,6,1
ID_TR6_1647,5,18,Male,Free State,Matric (Grade 12),34,0,No,6,1
ID_TR6_1648,5,43,Other,Gauteng,Primary,76,1,Yes,5,1
ID_TR6_1649,1,24,Female,Western Cape,Matric (Grade 12),29,6,Yes,6,0
ID_TR6_1650,2,32,Other,Western Cape,Matric (Grade 12),69,0,Yes,6,1
ID_TR6_1651,5,22,Female,Eastern Cape,Tertiary Certificate,30,1,No,4,0
ID_TR6_1652,5,40,Female,Free State,Matric (Grade 12),26,6,Yes,5,0
ID_TR6_1653,3,26,Other,Western Cape,Grade 10-11,71,8,Yes,8,0
ID_TR6_1654,4,42,Male,Western Cape,Grade 10-11,74,1,Yes,5,1
ID_TR6_1655,4,24,Female,Eastern Cape,University Degree,68,8,Yes,1,0
ID_TR6_1656,5,30,Male,Western Cape,Primary,49,0,No,2,1
ID_TR6_1657,5,31,Female,Western Cape,Matric (Grade 12),63,3,Yes,3,0
ID_TR6_1658,1,34,Female,Eastern Cape,University Degree,92,8,Yes,3,1
ID_TR6_1659,3,39,Female,Free State,University Degree,86,2,Yes,3,1
ID_TR6_1660,5,32,Other,Free State,None,15,3,No,1,0
ID_TR6_1661,2,31,Other,Free State,Tertiary Certificate,75,5,Yes,4,1
ID_TR6_1662,5,28,Female,North West,None,47,5,Yes,2,0
ID_TR6_1663,2,23,Female,Mpumalanga,Primary,36,0,Yes,4,0
ID_TR6_1664,3,24,Male,Eastern Cape,Matric (Grade 12),83,4,No,2,1
ID_TR6_1665,1,35,Male,Mpumalanga,Primary,37,2,Yes,1,0
ID_TR6_1666,2,29,Other,Gauteng,None,47,4,Yes,1,0
ID_TR6_1667,3,44,Male,Western Cape,Matric (Grade 12),26,0,Yes,8,0
ID_TR6_1668,4,38,Male,Gauteng,Primary,51,5,Yes,2,0
ID_TR6_1669,4,42,Female,Limpopo,Primary,59,6,Yes,5,0
ID_TR6_1670,2,42,Male,Mpumalanga,Tertiary Certificate,67,5,No,1,1
ID_TR6_1671,2,18,Female,Eastern Cape,Matric (Grade 12),27,0,No,4,1
ID_TR6_1672,5,21,Female,Western Cape,Tertiary Certificate,44,3,No,4,0
ID_TR6_1673,1,35,Other,Mpumalanga,Matric (Grade 12),34,8,Yes,6,0
ID_TR6_1674,2,29,Male,Gauteng,Tertiary Certificate,51,8,Yes,5,1
ID_TR6_1675,4,30,Male,Northern Cape,University Degree,47,7,Yes,4,1
ID_TR6_1676,5,43,Male,Western Cape,Tertiary Certificate,63,7,Yes,3,0
ID_TR6_1677,3,29,Male,KwaZulu-Natal,Matric (Grade 12),57,3,Yes,3,1
ID_TR6_1678,3,43,Female,Gauteng,Tertiary Certificate,46,2,Yes,2,0
ID_TR6_1679,4,45,Female,Limpopo,Primary,58,2,Yes,6,0
ID_TR6_1680,2,33,Male,Northern Cape,None,50,6,No,4,0
ID_TR6_1681,2,34,Female,North West,University Degree,35,7,No,8,0
ID_TR6_1682,1,21,Female,Northern Cape,None,46,0,Yes,1,0
ID_TR6_1683,5,23,Female,Gauteng,Matric (Grade 12),44,1,No,1,0
ID_TR6_1684,1,29,Male,Gauteng,University Degree,41,1,Yes,6,1
ID_TR6_1685,5,41,Other,Eastern Cape,None,6,7,Yes,5,0
ID_TR6_1686,5,31,Female,Gauteng,Matric (Grade 12),36,3,No,8,1
ID_TR6_1687,2,31,Female,Gauteng,None,45,4,No,5,0
ID_TR6_1688,4,21,Other,Northern Cape,Matric (Grade 12),21,3,Yes,7,0
ID_TR6_1689,1,19,Female,Mpumalanga,Matric (Grade 12),15,0,Yes,8,1
ID_TR6_1690,1,37,Male,Free State,Primary,76,8,Yes,3,0
ID_TR6_1691,3,31,Male,Limpopo,Grade 10-11,50,2,Yes,1,1
ID_TR6_1692,5,23,Female,Western Cape,Tertiary Certificate,34,3,Yes,2,0
ID_TR6_1693,5,18,Female,KwaZulu-Natal,Matric (Grade 12),41,0,Yes,2,1
ID_TR6_1694,3,33,Female,Limpopo,Grade 10-11,64,8,Yes,7,0
ID_TR6_1695,4,45,Male,Gauteng,University Degree,61,8,Yes,8,1
ID_TR6_1696,1,33,Female,Northern Cape,Grade 10-11,58,2,Yes,5,1
ID_TR6_1697,5,44,Female,Gauteng,None,10,8,Yes,6,0
ID_TR6_1698,1,29,Male,Western Cape,None,58,6,No,4,0
ID_TR6_1699,5,44,Male,Eastern Cape,Matric (Grade 12),15,2,Yes,4,0
ID_TR6_1700,2,41,Male,Eastern Cape,None,9,1,No,3,1
ID_TR6_1701,3,44,Male,Northern Cape,Matric (Grade 12),42,8,Yes,8,0
ID_TR6_1702,1,33,Other,Western Cape,None,28,1,No,8,1
ID_TR6_1703,2,44,Female,Mpumalanga,University Degree,79,4,Yes,5,1
ID_TR6_1704,2,37,Female,Western Cape,None,72,3,Yes,5,1
ID_TR6_1705,4,25,Female,Northern Cape,Matric (Grade 12),52,8,Yes,7,0
ID_TR6_1706,5,27,Female,Limpopo,None,9,6,Yes,8,0
ID_TR6_1707,3,28,Male,Free State,Matric (Grade 12),50,6,Yes,2,1
ID_TR6_1708,5,35,Female,Limpopo,Tertiary Certificate,85,3,No,3,1
ID_TR6_1709,2,30,Male,Mpumalanga,Grade 10-11,66,0,No,7,0
ID_TR6_1710,2,39,Other,Gauteng,Primary,37,2,Yes,3,0
ID_TR6_1711,5,19,Male,Mpumalanga,Grade 10-11,20,1,Yes,6,0
ID_TR6_1712,4,40,Male,Eastern Cape,Matric (Grade 12),32,4,No,8,0
ID_TR6_1713,2,34,Female,Gauteng,Matric (Grade 12),79,2,Yes,3,1
ID_TR6_1714,4,24,Female,Western Cape,Primary,48,1,No,6,0
ID_TR6_1715,4,33,Male,Western Cape,Grade 10-11,37,6,No,2,0
ID_TR6_1716,5,37,Female,KwaZulu-Natal,Matric (Grade 12),39,7,Yes,6,0
ID_TR6_1717,3,30,Female,Western Cape,Grade 10-11,33,2,Yes,2,0
ID_TR6_1718,5,21,Male,North West,Matric (Grade 12),85,3,Yes,2,0
ID_TR6_1719,1,44,Male,Northern Cape,Matric (Grade 12),82,1,No,8,1
ID_TR6_1720,5,41,Male,Gauteng,Grade 10-11,24,1,Yes,2,0
ID_TR6_1721,4,45,Female,Eastern Cape,Primary,43,3,Yes,8,0
ID_TR6_1722,3,42,Other,Mpumalanga,University Degree,80,0,Yes,7,1
ID_TR6_1723,1,44,Female,Mpumalanga,Primary,82,6,Yes,4,0
ID_TR6_1724,3,43,Female,Northern Cape,Matric (Grade 12),74,0,Yes,2,1
ID_TR6_1725,3,37,Female,Northern Cape,None,46,2,No,7,0
ID_TR6_1726,5,43,Female,North West,Matric (Grade 12),39,7,Yes,5,0
ID_TR6_1727,1,33,Other,Gauteng,Tertiary Certificate,69,0,Yes,3,1
ID_TR6_1728,1,28,Female,Free State,Matric (Grade 12),26,8,Yes,2,0
ID_TR6_1729,1,43,Female,Free State,University Degree,63,3,Yes,1,1
ID_TR6_1730,2,41,Female,Northern Cape,None,63,6,Yes,4,0
ID_TR6_1731,1,18,Female,Mpumalanga,None,63,0,Yes,3,1
ID_TR6_1732,5,35,Male,Western Cape,None,57,7,No,1,0
ID_TR6_1733,5,43,Male,Eastern Cape,Primary,75,4,Yes,5,0
ID_TR6_1734,1,39,Male,Free State,Grade 10-11,37,4,Yes,7,0
ID_TR6_1735,2,30,Male,Western Cape,Matric (Grade 12),16,1,Yes,1,0
ID_TR6_1736,4,42,Male,Western Cape,Primary,72,2,Yes,3,0
ID_TR6_1737,1,34,Male,Northern Cape,Matric (Grade 12),18,4,Yes,7,0
ID_TR6_1738,5,43,Male,Free State,Matric (Grade 12),44,5,Yes,6,0
ID_TR6_1739,5,23,Female,Eastern Cape,Matric (Grade 12),43,2,Yes,8,1
ID_TR6_1740,1,42,Female,KwaZulu-Natal,Matric (Grade 12),24,7,Yes,3,0
ID_TR6_1741,3,30,Male,Mpumalanga,University Degree,61,7,No,4,0
ID_TR6_1742,5,23,Other,Western Cape,Matric (Grade 12),66,7,Yes,3,0
ID_TR6_1743,5,33,Male,Limpopo,Matric (Grade 12),47,2,No,6,0
ID_TR6_1744,2,23,Other,Gauteng,Primary,57,4,Yes,5,0
ID_TR6_1745,5,41,Male,Gauteng,Matric (Grade 12),19,8,Yes,4,0
ID_TR6_1746,1,30,Male,North West,University Degree,75,0,Yes,6,1
ID_TR6_1747,3,18,Male,Northern Cape,University Degree,63,0,No,1,1
ID_TR6_1748,5,38,Female,Western Cape,Primary,17,1,Yes,3,0
ID_TR6_1749,1,21,Female,Free State,Tertiary Certificate,64,3,Yes,4,0
ID_TR6_1750,5,22,Male,Free State,Matric (Grade 12),34,7,Yes,1,0
ID_TR6_1751,1,18,Female,Eastern Cape,Tertiary Certificate,43,0,Yes,3,0
ID_TR6_1752,2,41,Male,Northern Cape,None,63,2,Yes,3,0
ID_TR6_1753,4,20,Other,Mpumalanga,None,77,2,Yes,1,1
ID_TR6_1754,5,35,Female,Eastern Cape,Tertiary Certificate,24,5,Yes,7,0
ID_TR6_1755,2,42,Female,Free State,Primary,62,1,Yes,5,1
ID_TR6_1756,2,32,Male,Mpumalanga,Matric (Grade 12),62,5,Yes,4,1
ID_TR6_1757,2,24,Other,Northern Cape,None,53,0,Yes,6,1
ID_TR6_1758,2,32,Male,North West,Grade 10-11,34,6,Yes,2,0
ID_TR6_1759,5,29,Female,Limpopo,None,61,2,No,1,0
ID_TR6_1760,1,39,Other,Free State,Tertiary Certificate,85,0,Yes,5,1
ID_TR6_1761,2,25,Other,Gauteng,Primary,46,8,No,7,0
ID_TR6_1762,4,44,Other,North West,University Degree,93,3,Yes,3,1
ID_TR6_1763,2,33,Male,Mpumalanga,University Degree,62,6,Yes,8,1
ID_TR6_1764,1,29,Other,Western Cape,Primary,31,2,Yes,4,0
ID_TR6_1765,5,26,Female,Gauteng,Tertiary Certificate,37,4,Yes,5,0
ID_TR6_1766,2,18,Female,Gauteng,None,3,0,Yes,2,0
ID_TR6_1767,5,44,Male,Gauteng,Primary,75,0,No,4,1
ID_TR6_1768,4,37,Female,Free State,Tertiary Certificate,68,4,No,6,1
ID_TR6_1769,4,23,Other,Western Cape,University Degree,82,3,No,8,1
ID_TR6_1770,5,20,Other,Gauteng,Primary,24,2,Yes,7,0
ID_TR6_1771,5,45,Other,Northern Cape,Primary,34,0,Yes,7,0
ID_TR6_1772,5,28,Female,Free State,None,23,6,Yes,4,0
ID_TR6_1773,1,43,Female,Gauteng,Grade 10-11,80,8,Yes,8,0
ID_TR6_1774,4,28,Male,Northern Cape,University Degree,48,5,No,1,0
ID_TR6_1775,5,26,Female,Gauteng,University Degree,78,3,Yes,5,1
ID_TR6_1776,5,30,Female,KwaZulu-Natal,None,73,0,Yes,5,1
ID_TR6_1777,4,28,Female,Free State,Tertiary Certificate,54,0,Yes,2,1
ID_TR6_1778,5,26,Other,Western Cape,Matric (Grade 12),55,5,Yes,6,0
ID_TR6_1779,3,43,Male,Northern Cape,Primary,47,0,Yes,1,1
ID_TR6_1780,4,38,Male,North West,Matric (Grade 12),48,4,Yes,7,0
ID_TR6_1781,1,30,Female,Mpumalanga,Matric (Grade 12),75,7,Yes,4,1
ID_TR6_1782,2,25,Female,KwaZulu-Natal,Matric (Grade 12),34,0,Yes,1,1
ID_TR6_1783,2,44,Female,Limpopo,Tertiary Certificate,82,3,Yes,8,1
ID_TR6_1784,2,34,Male,Gauteng,None,18,0,No,2,0
ID_TR6_1785,5,24,Male,Limpopo,None,19,4,Yes,3,0
ID_TR6_1786,4,36,Female,Western Cape,Matric (Grade 12),57,3,Yes,8,0
ID_TR6_1787,4,33,Female,North West,Tertiary Certificate,29,8,No,5,0
ID_TR6_1788,4,32,Male,Northern Cape,None,46,7,Yes,4,1
ID_TR6_1789,4,30,Male,Free State,Tertiary Certificate,33,8,Yes,4,1
ID_TR6_1790,4,30,Female,Gauteng,None,44,8,Yes,2,0
ID_TR6_1791,3,41,Other,Western Cape,None,14,5,Yes,6,0
ID_TR6_1792,4,33,Female,Limpopo,Matric (Grade 12),38,7,Yes,7,0
ID_TR6_1793,1,34,Female,KwaZulu-Natal,None,23,3,Yes,1,0
ID_TR6_1794,2,38,Other,Mpumalanga,None,71,0,Yes,4,1
ID_TR6_1795,4,36,Male,Gauteng,Primary,72,0,Yes,1,0
ID_TR6_1796,5,35,Female,Eastern Cape,None,33,2,Yes,3,0
ID_TR6_1797,4,38,Male,North West,University Degree,75,0,Yes,7,1
ID_TR6_1798,3,30,Other,Northern Cape,None,17,1,Yes,5,0
ID_TR6_1799,3,35,Other,Free State,Matric (Grade 12),66,4,Yes,7,1
ID_TR6_1800,4,20,Male,Gauteng,Matric (Grade 12),72,2,Yes,3,0
ID_TR6_1801,1,24,Male,Western Cape,Primary,76,5,Yes,1,1
ID_TR6_1802,4,30,Other,Western Cape,Primary,69,4,Yes,2,1
ID_TR6_1803,4,25,Male,Free State,Grade 10-11,17,0,No,8,0
ID_TR6_1804,5,39,Male,North West,Primary,23,7,No,7,0
ID_TR6_1805,3,21,Male,Free State,Matric (Grade 12),79,0,Yes,5,1
ID_TR6_1806,4,27,Male,Limpopo,Matric (Grade 12),36,3,No,1,0
ID_TR6_1807,2,34,Other,Mpumalanga,None,38,6,Yes,7,0
ID_TR6_1808,3,42,Female,Gauteng,Matric (Grade 12),22,4,No,5,0
ID_TR6_1809,5,22,Other,Western Cape,University Degree,59,7,Yes,3,1
ID_TR6_1810,4,18,Other,Northern Cape,Matric (Grade 12),82,0,Yes,4,1
ID_TR6_1811,5,20,Female,Limpopo,Primary,75,2,Yes,3,0
ID_TR6_1812,2,27,Female,Eastern Cape,Grade 10-11,70,0,Yes,8,1
ID_TR6_1813,4,33,Female,Eastern Cape,Primary,63,1,Yes,7,1
ID_TR6_1814,1,44,Female,North West,Matric (Grade 12),25,2,No,6,1
ID_TR6_1815,3,21,Female,KwaZulu-Natal,Matric (Grade 12),66,3,No,2,1
ID_TR6_1816,5,21,Female,Limpopo,Tertiary Certificate,83,3,Yes,6,1
ID_TR6_1817,2,40,Male,Northern Cape,University Degree,30,4,No,5,1
ID_TR6_1818,1,33,Female,Western Cape,Matric (Grade 12),31,5,Yes,1,0
ID_TR6_1819,1,36,Female,Gauteng,Tertiary Certificate,46,8,No,8,0
ID_TR6_1820,2,27,Male,Free State,Tertiary Certificate,54,3,No,3,1
ID_TR6_1821,4,32,Female,KwaZulu-Natal,Tertiary Certificate,67,1,No,7,1
ID_TR6_1822,1,40,Female,Gauteng,None,76,6,No,7,0
ID_TR6_1823,3,38,Male,Western Cape,University Degree,39,7,Yes,7,1
ID_TR6_1824,5,37,Female,Western Cape,University Degree,92,0,Yes,8,1
ID_TR6_1825,3,23,Male,North West,None,47,0,Yes,6,1
ID_TR6_1826,3,35,Female,Eastern Cape,Tertiary Certificate,83,2,No,1,1
ID_TR6_1827,3,31,Female,Gauteng,Matric (Grade 12),17,7,Yes,7,0
ID_TR6_1828,1,31,Female,Western Cape,Matric (Grade 12),38,0,Yes,8,1
ID_TR6_1829,5,29,Other,Western Cape,None,49,8,No,8,0
ID_TR6_1830,5,44,Female,Mpumalanga,University Degree,32,1,No,6,1
ID_TR6_1831,1,29,Male,Gauteng,University Degree,33,0,Yes,6,1
ID_TR6_1832,2,20,Female,Mpumalanga,None,22,0,No,6,0
ID_TR6_1833,2,31,Female,Western Cape,Grade 10-11,29,3,Yes,6,0
ID_TR6_1834,4,33,Male,Free State,Primary,74,7,Yes,7,0
ID_TR6_1835,5,41,Other,Eastern Cape,Primary,32,5,No,2,0
ID_TR6_1836,2,37,Female,KwaZulu-Natal,Grade 10-11,53,1,No,7,0
ID_TR6_1837,5,34,Other,Gauteng,Grade 10-11,20,5,Yes,2,0
ID_TR6_1838,2,24,Other,Western Cape,Primary,71,8,Yes,3,1
ID_TR6_1839,1,25,Female,North West,Tertiary Certificate,60,6,Yes,8,0
ID_TR6_1840,2,18,Male,Gauteng,Tertiary Certificate,73,0,No,7,0
ID_TR6_1841,1,34,Female,Northern Cape,Matric (Grade 12),52,7,Yes,8,1
ID_TR6_1842,5,36,Female,Western Cape,None,34,3,Yes,6,0
ID_TR6_1843,2,34,Female,Gauteng,Grade 10-11,51,8,No,8,0
ID_TR6_1844,5,26,Other,Northern Cape,University Degree,49,5,Yes,7,1
ID_TR6_1845,5,45,Male,North West,Grade 10-11,47,5,Yes,3,1
ID_TR6_1846,1,29,Female,Western Cape,University Degree,46,8,Yes,1,1
ID_TR6_1847,5,23,Female,Limpopo,None,71,2,Yes,3,1
ID_TR6_1848,1,41,Other,Free State,University Degree,43,7,Yes,3,0
ID_TR6_1849,1,42,Male,Gauteng,Matric (Grade 12),69,4,Yes,2,0
ID_TR6_1850,1,30,Female,Mpumalanga,Matric (Grade 12),50,1,Yes,4,0
ID_TR6_1851,4,25,Female,Northern Cape,Tertiary Certificate,29,3,Yes,1,0
ID_TR6_1852,5,21,Other,Mpumalanga,Matric (Grade 12),23,3,Yes,7,0
ID_TR6_1853,3,44,Female,Free State,Matric (Grade 12),22,4,No,6,0
ID_TR6_1854,5,40,Female,Western Cape,Primary,30,5,Yes,5,0
ID_TR6_1855,4,30,Female,Western Cape,University Degree,41,4,No,4,1
ID_TR6_1856,4,21,Male,Eastern Cape,Matric (Grade 12),62,3,Yes,1,1
ID_TR6_1857,5,20,Other,Western Cape,Matric (Grade 12),60,2,No,2,0
ID_TR6_1858,1,35,Other,Limpopo,Tertiary Certificate,41,1,Yes,5,1
ID_TR6_1859,2,27,Male,Western Cape,Matric (Grade 12),50,6,No,7,1
ID_TR6_1860,1,30,Female,Free State,Primary,17,1,Yes,7,0
ID_TR6_1861,1,37,Other,Northern Cape,Grade 10-11,57,0,No,2,1
ID_TR6_1862,3,42,Female,Free State,Matric (Grade 12),75,0,No,7,0
ID_TR6_1863,5,22,Other,North West,Tertiary Certificate,31,8,Yes,3,0
ID_TR6_1864,5,28,Female,Free State,None,40,2,No,6,1
ID_TR6_1865,3,30,Female,Western Cape,Grade 10-11,64,0,Yes,4,1
ID_TR6_1866,3,21,Male,KwaZulu-Natal,University Degree,46,3,Yes,4,0
ID_TR6_1867,5,20,Female,Free State,University Degree,33,2,Yes,4,1
ID_TR6_1868,3,44,Female,Free State,Tertiary Certificate,51,3,No,3,1
ID_TR6_1869,4,41,Female,Eastern Cape,None,28,2,No,1,0
ID_TR6_1870,4,43,Female,KwaZulu-Natal,Matric (Grade 12),45,5,Yes,7,0
ID_TR6_1871,2,24,Other,Northern Cape,Primary,66,0,Yes,5,1
ID_TR6_1872,2,20,Female,KwaZulu-Natal,Matric (Grade 12),16,2,Yes,4,0
ID_TR6_1873,2,23,Female,Northern Cape,Matric (Grade 12),67,7,Yes,8,0
ID_TR6_1874,3,32,Male,KwaZulu-Natal,University Degree,73,3,Yes,1,1
ID_TR6_1875,1,22,Female,Western Cape,Primary,52,5,No,1,0
ID_TR6_1876,3,19,Other,Mpumalanga,Primary,59,1,No,2,1
ID_TR6_1877,3,23,Other,Gauteng,Matric (Grade 12),41,0,No,7,1
ID_TR6_1878,3,25,Female,Northern Cape,Matric (Grade 12),16,3,Yes,1,0
ID_TR6_1879,4,36,Female,Gauteng,University Degree,56,7,Yes,4,0
ID_TR6_1880,1,29,Female,North West,Matric (Grade 12),80,5,Yes,2,1
ID_TR6_1881,1,25,Male,Gauteng,None,71,1,Yes,1,1
ID_TR6_1882,5,42,Female,Northern Cape,Matric (Grade 12),65,2,Yes,8,0
ID_TR6_1883,5,25,Male,Free State,Matric (Grade 12),58,8,No,1,0
ID_TR6_1884,5,36,Other,Gauteng,Matric (Grade 12),44,2,Yes,2,0
ID_TR6_1885,5,30,Female,Gauteng,None,35,0,Yes,7,0
ID_TR6_1886,1,23,Other,Western Cape,Grade 10-11,68,7,No,4,0
ID_TR6_1887,1,30,Other,North West,Matric (Grade 12),17,6,Yes,6,0
ID_TR6_1888,4,26,Male,Limpopo,Primary,50,5,No,4,0
ID_TR6_1889,3,38,Male,Western Cape,Grade 10-11,16,3,Yes,4,0
ID_TR6_1890,2,39,Male,Northern Cape,Tertiary Certificate,62,3,Yes,5,1
ID_TR6_1891,1,32,Male,Free State,University Degree,76,1,Yes,1,1
ID_TR6_1892,3,31,Female,Mpumalanga,Tertiary Certificate,30,3,Yes,4,1
ID_TR6_1893,5,43,Female,Western Cape,Tertiary Certificate,83,1,No,2,1
ID_TR6_1894,5,26,Female,KwaZulu-Natal,Grade 10-11,84,5,Yes,3,0
ID_TR6_1895,3,29,Other,KwaZulu-Natal,Matric (Grade 12),25,3,Yes,5,0
ID_TR6_1896,1,21,Female,Gauteng,Tertiary Certificate,45,3,Yes,2,0
ID_TR6_1897,2,19,Male,Eastern Cape,Primary,34,1,Yes,4,0
ID_TR6_1898,2,26,Female,Mpumalanga,Primary,38,5,No,4,0
ID_TR6_1899,2,22,Other,Gauteng,Matric (Grade 12),29,2,Yes,7,1
ID_TR6_1900,1,32,Female,Free State,Tertiary Certificate,40,0,Yes,1,1
ID_TR6_1901,3,30,Male,North West,Matric (Grade 12),52,4,Yes,2,0
ID_TR6_1902,3,41,Female,Gauteng,Grade 10-11,63,8,Yes,8,0
ID_TR6_1903,5,21,Male,Limpopo,Tertiary Certificate,75,3,Yes,4,1
ID_TR6_1904,4,37,Female,North West,None,28,6,No,1,0
ID_TR6_1905,3,37,Other,Western Cape,Matric (Grade 12),44,1,Yes,4,1
ID_TR6_1906,2,28,Male,Mpumalanga,Matric (Grade 12),61,5,No,2,1
ID_TR6_1907,4,19,Female,Gauteng,Matric (Grade 12),33,1,No,3,1
ID_TR6_1908,1,21,Male,Western Cape,None,64,3,No,7,1
ID_TR6_1909,3,30,Female,Free State,Matric (Grade 12),40,5,No,5,0
ID_TR6_1910,3,32,Male,Gauteng,Matric (Grade 12),33,2,No,5,0
ID_TR6_1911,3,35,Male,Gauteng,None,70,1,Yes,5,1
ID_TR6_1912,3,42,Male,Northern Cape,Matric (Grade 12),41,3,Yes,6,0
ID_TR6_1913,5,32,Male,Gauteng,University Degree,42,3,Yes,2,1
ID_TR6_1914,3,18,Other,Free State,Matric (Grade 12),54,0,No,4,1
ID_TR6_1915,3,43,Female,North West,None,58,6,No,5,0
ID_TR6_1916,3,33,Male,Western Cape,Primary,61,6,Yes,3,0
ID_TR6_1917,1,19,Female,Free State,Matric (Grade 12),78,1,Yes,5,1
ID_TR6_1918,2,27,Other,Free State,Matric (Grade 12),44,6,No,3,0
ID_TR6_1919,2,34,Other,Free State,Grade 10-11,61,5,Yes,2,1
ID_TR6_1920,5,23,Other,Eastern Cape,Matric (Grade 12),37,8,Yes,3,0
ID_TR6_1921,2,22,Other,Free State,None,46,8,No,3,1
ID_TR6_1922,4,24,Female,Gauteng,Matric (Grade 12),25,5,Yes,8,1
ID_TR6_1923,5,42,Male,Gauteng,Matric (Grade 12),20,3,Yes,2,0
ID_TR6_1924,2,37,Male,Western Cape,None,63,5,No,2,1
ID_TR6_1925,2,45,Female,KwaZulu-Natal,Matric (Grade 12),57,4,Yes,8,0
ID_TR6_1926,4,19,Female,Eastern Cape,Matric (Grade 12),45,1,No,2,1
ID_TR6_1927,1,38,Male,Western Cape,None,54,2,No,6,0
ID_TR6_1928,2,34,Male,Mpumalanga,Primary,56,3,Yes,3,0
ID_TR6_1929,1,38,Female,North West,Matric (Grade 12),67,2,No,8,0
ID_TR6_1930,3,40,Other,Gauteng,Grade 10-11,38,5,Yes,6,0
ID_TR6_1931,3,39,Other,KwaZulu-Natal,Tertiary Certificate,28,0,No,4,0
ID_TR6_1932,5,36,Female,Northern Cape,Matric (Grade 12),59,3,Yes,6,1
ID_TR6_1933,5,21,Female,North West,Matric (Grade 12),77,0,Yes,5,1
ID_TR6_1934,5,25,Male,Free State,University Degree,56,8,Yes,6,1
ID_TR6_1935,3,29,Female,Free State,Matric (Grade 12),42,2,Yes,8,0
ID_TR6_1936,4,23,Female,Gauteng,Matric (Grade 12),43,6,No,8,0
ID_TR6_1937,3,23,Female,KwaZulu-Natal,Primary,44,3,No,1,0
ID_TR6_1938,4,24,Other,Western Cape,Primary,65,7,Yes,3,0
ID_TR6_1939,1,42,Female,Western Cape,Primary,19,3,Yes,3,0
ID_TR6_1940,3,20,Male,Free State,None,33,2,No,8,0
ID_TR6_1941,1,34,Male,Eastern Cape,Tertiary Certificate,63,8,Yes,5,0
ID_TR6_1942,4,20,Male,Northern Cape,Tertiary Certificate,24,2,No,1,0
ID_TR6_1943,4,43,Female,Gauteng,University Degree,74,0,No,7,1
ID_TR6_1944,2,42,Female,Northern Cape,Grade 10-11,49,0,Yes,1,0
ID_TR6_1945,3,45,Female,Free State,Primary,66,3,Yes,5,1
ID_TR6_1946,3,35,Female,Eastern Cape,Matric (Grade 12),37,6,Yes,5,1
ID_TR6_1947,1,37,Male,Limpopo,Grade 10-11,72,3,No,1,1
ID_TR6_1948,2,19,Female,Mpumalanga,Tertiary Certificate,44,0,No,5,0
ID_TR6_1949,2,18,Male,North West,Primary,39,0,Yes,5,0
ID_TR6_1950,4,24,Female,Western Cape,Tertiary Certificate,53,3,Yes,3,1
ID_TR6_1951,4,27,Male,Northern Cape,University Degree,50,4,Yes,4,1
ID_TR6_1952,3,43,Male,Northern Cape,University Degree,41,4,Yes,2,1
ID_TR6_1953,5,45,Other,Eastern Cape,Primary,18,4,Yes,2,0
ID_TR6_1954,3,25,Female,Western Cape,Tertiary Certificate,38,8,Yes,4,1
ID_TR6_1955,3,32,Male,North West,Matric (Grade 12),72,7,Yes,7,0
ID_TR6_1956,2,42,Other,Gauteng,Matric (Grade 12),56,1,Yes,6,0
ID_TR6_1957,1,43,Other,Western Cape,None,25,3,Yes,7,0
ID_TR6_1958,4,36,Female,Limpopo,Grade 10-11,52,0,No,4,0
ID_TR6_1959,2,38,Female,Northern Cape,University Degree,69,7,No,7,0
ID_TR6_1960,1,27,Female,Western Cape,None,43,1,Yes,4,1
ID_TR6_1961,1,24,Female,Limpopo,Primary,55,6,Yes,2,0
ID_TR6_1962,2,25,Other,North West,Matric (Grade 12),71,8,Yes,5,0
ID_TR6_1963,4,28,Male,Western Cape,None,37,1,Yes,6,0
ID_TR6_1964,4,29,Female,Free State,Tertiary Certificate,35,2,Yes,6,0
ID_TR6_1965,5,31,Male,Free State,Matric (Grade 12),45,4,Yes,6,0
ID_TR6_1966,3,28,Female,Gauteng,Matric (Grade 12),48,5,Yes,5,1
ID_TR6_1967,5,29,Male,Northern Cape,Primary,39,2,No,4,0
ID_TR6_1968,2,26,Female,Western Cape,Grade 10-11,28,1,Yes,6,0
ID_TR6_1969,5,36,Female,Western Cape,Matric (Grade 12),30,1,Yes,3,0
ID_TR6_1970,2,32,Male,Gauteng,Matric (Grade 12),33,0,No,3,1
ID_TR6_1971,4,42,Female,Limpopo,Matric (Grade 12),32,3,Yes,3,1
ID_TR6_1972,1,30,Female,Eastern Cape,Matric (Grade 12),75,0,Yes,5,0
ID_TR6_1973,3,31,Male,Northern Cape,Grade 10-11,33,0,Yes,2,0
ID_TR6_1974,2,25,Female,Northern Cape,University Degree,94,8,Yes,2,1
ID_TR6_1975,5,26,Male,Western Cape,Primary,79,6,Yes,4,0
ID_TR6_1976,3,42,Male,Eastern Cape,Matric (Grade 12),81,6,No,2,0
ID_TR6_1977,1,26,Female,KwaZulu-Natal,None,73,4,No,6,1
ID_TR6_1978,1,38,Female,Mpumalanga,University Degree,82,8,Yes,2,0
ID_TR6_1979,3,21,Male,Free State,University Degree,97,1,Yes,8,1
ID_TR6_1980,1,37,Female,KwaZulu-Natal,Tertiary Certificate,53,3,Yes,7,0
ID_TR6_1981,1,29,Male,Free State,Grade 10-11,37,7,Yes,3,0
ID_TR6_1982,3,33,Male,Limpopo,Tertiary Certificate,36,0,Yes,7,0
ID_TR6_1983,4,27,Female,Gauteng,Tertiary Certificate,47,1,No,2,1
ID_TR6_1984,4,34,Female,Gauteng,Matric (Grade 12),82,8,Yes,6,0
ID_TR6_1985,3,27,Male,North West,Grade 10-11,47,1,No,8,0
ID_TR6_1986,4,40,Female,Mpumalanga,Matric (Grade 12),67,8,No,2,0
ID_TR6_1987,1,33,Female,Western Cape,Primary,40,7,No,3,0
ID_TR6_1988,2,39,Other,Free State,Matric (Grade 12),85,3,No,4,0
ID_TR6_1989,1,45,Female,Gauteng,Matric (Grade 12),24,7,Yes,7,0
ID_TR6_1990,4,36,Female,Eastern Cape,Primary,83,8,Yes,8,1
ID_TR6_1991,5,39,Male,Northern Cape,Tertiary Certificate,67,2,Yes,7,1
ID_TR6_1992,2,29,Female,Free State,Grade 10-11,50,4,Yes,3,0
ID_TR6_1993,2,33,Other,Western Cape,Primary,39,4,Yes,8,1
ID_TR6_1994,5,25,Female,Gauteng,Primary,34,8,No,3,0
ID_TR6_1995,2,22,Male,North West,Primary,31,0,Yes,6,1
ID_TR6_1996,3,29,Female,Gauteng,None,15,0,Yes,5,0
ID_TR6_1997,4,43,Female,Gauteng,None,31,3,Yes,5,0
ID_TR6_1998,5,37,Other,Free State,Matric (Grade 12),35,4,No,2,0
ID_TR6_1999,2,31,Other,Gauteng,Tertiary Certificate,38,4,No,4,0
ID_TR6_2000,3,24,Female,Western Cape,Grade 10-11,84,6,Yes,5,1
ID_TR6_2001,1,33,Other,Free State,Tertiary Certificate,71,4,Yes,2,1
ID_TR6_2002,3,37,Female,Western Cape,Primary,30,4,Yes,6,1
ID_TR6_2003,3,39,Other,Northern Cape,None,53,5,No,7,0
ID_TR6_2004,4,24,Female,Western Cape,Matric (Grade 12),35,1,Yes,1,1
ID_TR6_2005,5,20,Female,Gauteng,University Degree,46,2,Yes,3,1
ID_TR6_2006,1,20,Female,Mpumalanga,Grade 10-11,82,2,Yes,1,1
ID_TR6_2007,4,43,Male,Western Cape,Matric (Grade 12),78,2,No,1,0
ID_TR6_2008,4,41,Male,Western Cape,Grade 10-11,29,8,No,5,0
ID_TR6_2009,3,33,Female,Limpopo,University Degree,81,5,No,6,1
ID_TR6_2010,3,23,Male,Limpopo,None,18,8,Yes,1,0
ID_TR6_2011,4,20,Male,Limpopo,Matric (Grade 12),47,2,Yes,4,0
ID_TR6_2012,3,22,Female,Gauteng,Grade 10-11,61,1,No,5,1
ID_TR6_2013,2,39,Female,KwaZulu-Natal,Matric (Grade 12),52,5,No,7,0
ID_TR6_2014,4,24,Female,Western Cape,University Degree,84,1,Yes,8,1
ID_TR6_2015,5,41,Female,Western Cape,None,53,8,No,4,0
ID_TR6_2016,2,29,Female,Limpopo,None,14,8,No,4,0
ID_TR6_2017,2,38,Other,Gauteng,None,63,8,Yes,3,0
ID_TR6_2018,1,34,Female,Northern Cape,Matric (Grade 12),69,1,No,7,1
ID_TR6_2019,5,22,Male,Limpopo,Matric (Grade 12),39,5,Yes,1,0
ID_TR6_2020,5,34,Other,Gauteng,Matric (Grade 12),49,2,No,8,0
ID_TR6_2021,4,25,Female,Limpopo,Grade 10-11,65,0,No,5,0
ID_TR6_2022,1,34,Female,Western Cape,Tertiary Certificate,30,6,Yes,6,1
ID_TR6_2023,2,37,Male,North West,Matric (Grade 12),18,8,No,8,0
ID_TR6_2024,4,45,Female,Northern Cape,Tertiary Certificate,40,7,No,3,0
ID_TR6_2025,3,43,Male,Gauteng,None,76,8,Yes,6,1
ID_TR6_2026,3,32,Female,Gauteng,University Degree,94,0,No,7,1
ID_TR6_2027,2,34,Other,North West,None,60,1,No,6,1
ID_TR6_2028,4,40,Male,Western Cape,None,30,7,Yes,4,0
ID_TR6_2029,5,30,Male,Northern Cape,Tertiary Certificate,36,8,No,3,0
ID_TR6_2030,1,37,Male,Western Cape,Matric (Grade 12),15,0,No,4,0
ID_TR6_2031,4,24,Male,Western Cape,Matric (Grade 12),44,4,Yes,4,1
ID_TR6_2032,5,29,Female,Northern Cape,Primary,38,7,Yes,6,0
ID_TR6_2033,1,41,Male,Western Cape,Matric (Grade 12),71,3,Yes,8,1
ID_TR6_2034,4,27,Female,Gauteng,None,49,1,Yes,2,0
ID_TR6_2035,2,43,Female,Northern Cape,None,46,3,No,5,0
ID_TR6_2036,2,26,Female,Eastern Cape,Tertiary Certificate,48,0,Yes,6,1
ID_TR6_2037,5,36,Other,Gauteng,Primary,73,1,Yes,8,1
ID_TR6_2038,3,28,Female,North West,Matric (Grade 12),26,0,Yes,8,1
ID_TR6_2039,4,30,Male,North West,University Degree,58,5,Yes,2,1
ID_TR6_2040,5,32,Other,Eastern Cape,Tertiary Certificate,86,0,Yes,7,1
ID_TR6_2041,2,21,Female,Gauteng,Tertiary Certificate,62,3,Yes,5,1
ID_TR6_2042,1,38,Female,Mpumalanga,Tertiary Certificate,75,4,No,3,1
ID_TR6_2043,5,39,Female,Free State,Matric (Grade 12),58,5,No,4,1
ID_TR6_2044,3,42,Female,Western Cape,Grade 10-11,25,8,Yes,6,0
ID_TR6_2045,2,23,Male,Eastern Cape,Grade 10-11,31,6,Yes,4,0
ID_TR6_2046,3,20,Other,Mpumalanga,Primary,59,2,Yes,7,0
ID_TR6_2047,1,36,Male,Mpumalanga,Matric (Grade 12),29,2,Yes,5,1
ID_TR6_2048,1,22,Male,North West,University Degree,38,5,Yes,7,1
ID_TR6_2049,2,43,Other,Western Cape,Matric (Grade 12),62,3,Yes,3,0
ID_TR6_2050,5,34,Female,Western Cape,University Degree,29,4,No,1,1
ID_TR6_2051,4,25,Male,Western Cape,Primary,49,8,Yes,2,0
ID_TR6_2052,2,28,Female,Mpumalanga,Matric (Grade 12),23,5,Yes,8,0
ID_TR6_2053,1,32,Male,Western Cape,None,61,2,Yes,5,1
ID_TR6_2054,1,26,Male,Mpumalanga,None,24,6,Yes,5,0
ID_TR6_2055,3,34,Male,Eastern Cape,University Degree,40,5,No,3,0
ID_TR6_2056,5,28,Other,Free State,Grade 10-11,26,3,No,6,0
ID_TR6_2057,4,40,Male,Gauteng,Primary,69,0,Yes,6,0
ID_TR6_2058,1,19,Male,KwaZulu-Natal,Matric (Grade 12),20,1,Yes,2,0
ID_TR6_2059,2,40,Female,Limpopo,University Degree,75,6,Yes,7,1
ID_TR6_2060,1,44,Male,Mpumalanga,Tertiary Certificate,31,7,Yes,8,0
ID_TR6_2061,3,18,Other,Western Cape,University Degree,44,0,Yes,8,1
ID_TR6_2062,5,43,Female,Northern Cape,None,16,8,Yes,8,0
ID_TR6_2063,1,24,Female,Gauteng,Primary,23,1,Yes,6,0
ID_TR6_2064,5,24,Female,Gauteng,Primary,65,8,No,5,0
ID_TR6_2065,1,26,Female,KwaZulu-Natal,Matric (Grade 12),35,1,Yes,8,0
ID_TR6_2066,3,18,Male,Western Cape,University Degree,69,0,Yes,1,1
ID_TR6_2067,4,22,Other,Mpumalanga,Primary,66,8,Yes,7,1
ID_TR6_2068,5,21,Other,Eastern Cape,University Degree,44,3,Yes,2,1
ID_TR6_2069,4,24,Male,Western Cape,Primary,35,7,Yes,4,0
ID_TR6_2070,5,38,Female,Gauteng,Tertiary Certificate,49,4,Yes,5,0
ID_TR6_2071,1,23,Male,Limpopo,None,69,5,Yes,1,0
ID_TR6_2072,4,21,Male,Eastern Cape,Tertiary Certificate,71,0,Yes,3,1
ID_TR6_2073,3,38,Male,Mpumalanga,Primary,81,0,No,5,1
ID_TR6_2074,4,28,Female,Mpumalanga,Grade 10-11,76,8,Yes,2,1
ID_TR6_2075,1,27,Male,Gauteng,Tertiary Certificate,27,3,Yes,2,1
ID_TR6_2076,2,27,Male,Western Cape,Matric (Grade 12),41,8,Yes,4,0
ID_TR6_2077,3,44,Other,Northern Cape,Primary,19,4,Yes,4,0
ID_TR6_2078,5,40,Other,North West,Primary,23,8,Yes,6,0
ID_TR6_2079,3,37,Other,Northern Cape,Grade 10-11,48,5,Yes,8,0
ID_TR6_2080,4,39,Female,Northern Cape,None,60,4,No,5,0
ID_TR6_2081,1,34,Male,Mpumalanga,Tertiary Certificate,30,5,Yes,1,0
ID_TR6_2082,4,39,Male,Western Cape,None,37,7,Yes,3,0
ID_TR6_2083,1,20,Male,Eastern Cape,Matric (Grade 12),40,2,Yes,4,0
ID_TR6_2084,2,40,Female,Northern Cape,Matric (Grade 12),84,7,Yes,2,0
ID_TR6_2085,3,43,Female,Gauteng,Matric (Grade 12),54,2,No,8,0
ID_TR6_2086,3,26,Male,Mpumalanga,None,33,3,Yes,2,0
ID_TR6_2087,3,18,Male,Northern Cape,University Degree,43,0,No,8,1
ID_TR6_2088,2,45,Female,Gauteng,Primary,52,7,No,5,0
ID_TR6_2089,4,26,Other,North West,Grade 10-11,82,1,No,4,0
ID_TR6_2090,5,19,Male,Western Cape,Primary,21,1,Yes,4,0
ID_TR6_2091,2,40,Female,North West,Grade 10-11,55,0,No,5,0
ID_TR6_2092,2,20,Female,KwaZulu-Natal,Primary,32,2,Yes,4,0
ID_TR6_2093,4,41,Female,Western Cape,Matric (Grade 12),51,4,Yes,6,0
ID_TR6_2094,2,25,Other,Eastern Cape,Grade 10-11,57,7,Yes,7,0
ID_TR6_2095,2,27,Other,Western Cape,University Degree,46,4,Yes,8,0
ID_TR6_2096,1,43,Male,Gauteng,University Degree,63,7,No,8,0
ID_TR6_2097,1,38,Male,Western Cape,Matric (Grade 12),59,7,Yes,3,0
ID_TR6_2098,5,25,Male,Gauteng,Matric (Grade 12),73,1,No,1,1
ID_TR6_2099,5,36,Other,Mpumalanga,Matric (Grade 12),79,8,Yes,6,0
ID_TR6_2100,2,26,Female,Free State,Matric (Grade 12),41,2,Yes,3,0
ID_TR6_2101,5,26,Male,North West,University Degree,89,1,Yes,2,1
ID_TR6_2102,5,39,Female,Limpopo,University Degree,33,3,No,7,0
ID_TR6_2103,5,20,Other,Mpumalanga,Matric (Grade 12),55,2,Yes,4,0
ID_TR6_2104,5,38,Male,Free State,Primary,66,1,Yes,5,1
ID_TR6_2105,3,42,Female,Northern Cape,Tertiary Certificate,91,7,Yes,2,1
ID_TR6_2106,1,24,Male,Gauteng,Matric (Grade 12),17,3,Yes,6,0
ID_TR6_2107,5,26,Male,Gauteng,Tertiary Certificate,84,4,Yes,7,1
ID_TR6_2108,3,28,Male,Northern Cape,University Degree,69,4,No,2,1
ID_TR6_2109,4,26,Male,Gauteng,Tertiary Certificate,71,8,Yes,3,1
ID_TR6_2110,5,23,Female,Western Cape,Primary,20,2,No,2,0
ID_TR6_2111,3,27,Female,Gauteng,Tertiary Certificate,70,3,Yes,6,1
ID_TR6_2112,1,43,Female,Eastern Cape,Tertiary Certificate,36,3,No,3,0
ID_TR6_2113,3,36,Male,Gauteng,Matric (Grade 12),23,3,Yes,8,0
ID_TR6_2114,4,18,Female,Gauteng,None,37,0,Yes,1,0
ID_TR6_2115,1,25,Female,Gauteng,None,15,8,Yes,4,0
ID_TR6_2116,2,20,Male,Limpopo,Primary,47,2,No,8,0
ID_TR6_2117,5,25,Male,Western Cape,None,15,0,Yes,3,0
ID_TR6_2118,1,24,Female,Western Cape,Grade 10-11,66,5,Yes,7,0
ID_TR6_2119,2,36,Female,Gauteng,Matric (Grade 12),35,5,No,6,0
ID_TR6_2120,3,22,Male,Gauteng,Primary,50,0,Yes,2,1
ID_TR6_2121,5,36,Female,Eastern Cape,Grade 10-11,75,0,Yes,8,0
ID_TR6_2122,4,36,Female,Limpopo,Primary,35,1,No,2,0
ID_TR6_2123,4,40,Male,Gauteng,Matric (Grade 12),15,2,Yes,8,1
ID_TR6_2124,1,42,Male,North West,Grade 10-11,32,3,Yes,8,0
ID_TR6_2125,4,36,Female,Limpopo,None,8,5,Yes,2,0
ID_TR6_2126,1,30,Male,Limpopo,Matric (Grade 12),28,0,Yes,8,0
ID_TR6_2127,1,41,Female,Gauteng,Grade 10-11,56,3,Yes,6,0
ID_TR6_2128,5,43,Female,Northern Cape,Tertiary Certificate,69,1,No,6,0
ID_TR6_2129,4,18,Female,Free State,Grade 10-11,81,0,No,5,1
ID_TR6_2130,5,28,Male,Eastern Cape,Tertiary Certificate,73,6,Yes,7,1
ID_TR6_2131,2,37,Female,Gauteng,Matric (Grade 12),74,0,No,3,1
ID_TR6_2132,2,32,Male,Western Cape,None,30,6,No,3,1
ID_TR6_2133,2,33,Other,KwaZulu-Natal,Grade 10-11,52,7,Yes,4,0
ID_TR6_2134,1,45,Female,North West,Primary,66,3,No,3,0
ID_TR6_2135,1,22,Male,Western Cape,Matric (Grade 12),61,1,No,6,1
ID_TR6_2136,1,28,Male,KwaZulu-Natal,University Degree,32,1,Yes,3,1
ID_TR6_2137,1,26,Other,Limpopo,University Degree,77,2,No,5,1
ID_TR6_2138,4,27,Female,Gauteng,Primary,53,3,Yes,2,1
ID_TR6_2139,5,18,Female,Free State,Matric (Grade 12),71,0,Yes,1,0
ID_TR6_2140,3,25,Male,Gauteng,Primary,60,7,Yes,3,0
ID_TR6_2141,2,25,Female,Gauteng,None,33,1,Yes,3,0
ID_TR6_2142,4,22,Female,Mpumalanga,Grade 10-11,38,6,No,3,0
ID_TR6_2143,1,25,Male,Limpopo,Grade 10-11,29,1,Yes,7,1
ID_TR6_2144,3,36,Male,Free State,Grade 10-11,17,0,Yes,4,0
ID_TR6_2145,2,25,Male,Mpumalanga,Grade 10-11,79,0,Yes,3,1
ID_TR6_2146,2,31,Male,Gauteng,Matric (Grade 12),37,7,Yes,4,0
ID_TR6_2147,4,38,Male,Free State,Matric (Grade 12),68,5,Yes,6,1
ID_TR6_2148,3,35,Other,KwaZulu-Natal,Tertiary Certificate,27,8,Yes,2,0
ID_TR6_2149,3,21,Female,Eastern Cape,Matric (Grade 12),37,3,Yes,1,0
ID_TR6_2150,1,35,Female,Northern Cape,Matric (Grade 12),23,3,Yes,1,0
ID_TR6_2151,2,44,Other,Western Cape,Tertiary Certificate,85,6,Yes,4,1
ID_TR6_2152,2,28,Female,Western Cape,Matric (Grade 12),33,2,Yes,1,1
ID_TR6_2153,1,30,Male,Gauteng,Matric (Grade 12),26,1,Yes,3,0
ID_TR6_2154,2,26,Other,Northern Cape,Grade 10-11,19,5,Yes,1,0
ID_TR6_2155,1,31,Female,North West,Matric (Grade 12),49,0,Yes,5,0
ID_TR6_2156,1,33,Female,KwaZulu-Natal,Tertiary Certificate,43,3,Yes,7,0
ID_TR6_2157,1,30,Female,Mpumalanga,University Degree,74,4,No,1,1
ID_TR6_2158,5,27,Male,Northern Cape,University Degree,32,4,Yes,2,1
ID_TR6_2159,2,20,Other,Northern Cape,Tertiary Certificate,50,2,Yes,2,1
ID_TR6_2160,2,19,Other,KwaZulu-Natal,Tertiary Certificate,93,1,No,3,1
ID_TR6_2161,5,30,Other,Limpopo,University Degree,46,0,No,1,1
ID_TR6_2162,3,41,Male,Eastern Cape,University Degree,39,2,Yes,2,1
ID_TR6_2163,1,30,Female,Northern Cape,University Degree,52,4,Yes,7,1
ID_TR6_2164,1,22,Female,Western Cape,Matric (Grade 12),54,3,Yes,4,1
ID_TR6_2165,1,26,Male,Eastern Cape,Primary,79,2,No,2,0
ID_TR6_2166,1,18,Female,Eastern Cape,University Degree,55,0,Yes,4,1
ID_TR6_2167,4,35,Other,KwaZulu-Natal,Grade 10-11,66,4,No,6,1
ID_TR6_2168,5,22,Female,Western Cape,Tertiary Certificate,60,5,No,3,0
ID_TR6_2169,1,22,Other,Free State,University Degree,66,6,No,2,1
ID_TR6_2170,3,43,Female,Limpopo,Matric (Grade 12),31,3,Yes,1,1
ID_TR6_2171,1,26,Male,North West,Tertiary Certificate,63,3,Yes,8,0
ID_TR6_2172,4,24,Female,Eastern Cape,None,66,7,Yes,5,0
ID_TR6_2173,5,40,Male,Limpopo,Primary,45,7,No,2,0
ID_TR6_2174,3,32,Female,North West,None,34,6,No,7,0
ID_TR6_2175,4,37,Female,Western Cape,University Degree,91,4,Yes,2,1
ID_TR6_2176,1,28,Male,Northern Cape,Grade 10-11,34,2,Yes,5,0
ID_TR6_2177,5,24,Male,Free State,Matric (Grade 12),69,0,Yes,4,1
ID_TR6_2178,3,22,Female,Western Cape,Matric (Grade 12),80,6,No,2,0
ID_TR6_2179,5,23,Other,KwaZulu-Natal,Tertiary Certificate,36,2,No,8,1
ID_TR6_2180,5,21,Male,Limpopo,Matric (Grade 12),70,3,Yes,4,1
ID_TR6_2181,2,40,Female,Western Cape,None,56,5,Yes,2,1
ID_TR6_2182,4,30,Other,Eastern Cape,Primary,69,0,Yes,7,1
ID_TR6_2183,5,41,Female,Western Cape,Matric (Grade 12),40,5,Yes,6,0
ID_TR6_2184,5,23,Female,Northern Cape,Matric (Grade 12),51,6,Yes,7,0
ID_TR6_2185,2,21,Female,Gauteng,University Degree,52,2,Yes,5,0
ID_TR6_2186,4,30,Male,Eastern Cape,University Degree,57,3,No,5,1
ID_TR6_2187,3,40,Female,Gauteng,Primary,49,6,No,3,0
ID_TR6_2188,3,24,Other,KwaZulu-Natal,Matric (Grade 12),53,2,Yes,4,1
ID_TR6_2189,4,19,Male,Free State,Matric (Grade 12),60,1,Yes,2,1
ID_TR6_2190,1,18,Other,Mpumalanga,Matric (Grade 12),46,0,Yes,3,0
ID_TR6_2191,3,29,Female,KwaZulu-Natal,Tertiary Certificate,85,8,Yes,5,0
ID_TR6_2192,4,36,Female,Northern Cape,Matric (Grade 12),19,2,Yes,2,1
ID_TR6_2193,5,35,Male,Western Cape,University Degree,95,3,Yes,5,1
ID_TR6_2194,4,40,Female,Northern Cape,Matric (Grade 12),26,2,Yes,6,1
ID_TR6_2195,4,30,Male,Gauteng,Tertiary Certificate,84,4,No,8,1
ID_TR6_2196,4,27,Female,Gauteng,None,71,5,Yes,7,1
ID_TR6_2197,3,27,Other,KwaZulu-Natal,Primary,25,6,Yes,8,0
ID_TR6_2198,2,29,Male,Limpopo,Matric (Grade 12),17,3,Yes,2,1
ID_TR6_2199,2,34,Female,Free State,Primary,52,8,Yes,2,0
ID_TR6_2200,4,24,Male,Western Cape,Matric (Grade 12),16,4,Yes,7,0
ID_TR6_2201,4,27,Male,KwaZulu-Natal,Tertiary Certificate,58,5,Yes,8,0
ID_TR6_2202,4,32,Female,KwaZulu-Natal,None,63,2,No,6,0
ID_TR6_2203,4,40,Male,Mpumalanga,Grade 10-11,16,6,No,2,0
ID_TR6_2204,4,34,Female,Gauteng,University Degree,89,2,Yes,4,1
ID_TR6_2205,4,38,Female,North West,University Degree,47,6,Yes,6,0
ID_TR6_2206,2,24,Other,Eastern Cape,Matric (Grade 12),56,1,Yes,1,0
ID_TR6_2207,2,30,Male,Free State,Primary,73,2,Yes,8,1
ID_TR6_2208,1,42,Other,Free State,Primary,33,0,Yes,4,1
ID_TR6_2209,3,31,Other,Free State,Primary,83,0,No,6,1
ID_TR6_2210,5,20,Male,North West,Tertiary Certificate,49,2,Yes,3,0
ID_TR6_2211,5,31,Male,Western Cape,Matric (Grade 12),76,8,No,4,1
ID_TR6_2212,4,26,Male,North West,Primary,72,1,No,3,1
ID_TR6_2213,2,26,Male,Limpopo,Tertiary Certificate,90,7,Yes,5,1
ID_TR6_2214,2,30,Male,Mpumalanga,Primary,68,5,Yes,8,1
ID_TR6_2215,5,45,Male,Free State,Matric (Grade 12),67,2,Yes,8,0
ID_TR6_2216,1,42,Other,Limpopo,Grade 10-11,35,1,Yes,7,1
ID_TR6_2217,5,39,Male,Gauteng,Grade 10-11,28,4,Yes,1,0
ID_TR6_2218,4,40,Male,Eastern Cape,University Degree,91,8,Yes,5,0
ID_TR6_2219,2,36,Male,Free State,Matric (Grade 12),29,7,No,2,0
ID_TR6_2220,5,34,Male,Eastern Cape,Matric (Grade 12),28,0,No,1,0
ID_TR6_2221,5,40,Male,Western Cape,Matric (Grade 12),61,3,Yes,4,0
ID_TR6_2222,1,32,Other,Western Cape,Matric (Grade 12),84,6,Yes,8,1
ID_TR6_2223,5,40,Other,Mpumalanga,None,31,1,No,1,0
ID_TR6_2224,1,44,Male,Limpopo,Matric (Grade 12),17,6,Yes,1,0
ID_TR6_2225,1,31,Male,Eastern Cape,University Degree,61,2,No,3,1
ID_TR6_2226,1,18,Other,Mpumalanga,Matric (Grade 12),44,0,No,4,1
ID_TR6_2227,4,19,Female,KwaZulu-Natal,Primary,28,0,Yes,1,0
ID_TR6_2228,3,30,Female,Northern Cape,Tertiary Certificate,88,2,Yes,7,1
ID_TR6_2229,4,23,Other,Western Cape,None,56,5,Yes,4,1
ID_TR6_2230,2,31,Male,Gauteng,Grade 10-11,75,1,No,8,1
ID_TR6_2231,2,39,Female,Limpopo,Primary,47,5,No,5,0
ID_TR6_2232,5,42,Other,North West,University Degree,67,0,Yes,5,1
ID_TR6_2233,1,23,Female,Limpopo,None,62,5,No,6,0
ID_TR6_2234,4,19,Female,Mpumalanga,Tertiary Certificate,76,1,Yes,7,1
ID_TR6_2235,4,40,Female,North West,Grade 10-11,28,3,Yes,4,1
ID_TR6_2236,3,32,Female,Gauteng,University Degree,32,4,Yes,7,1
ID_TR6_2237,1,19,Female,Western Cape,University Degree,44,1,Yes,4,1
ID_TR6_2238,1,24,Male,Free State,Grade 10-11,41,7,Yes,7,0
ID_TR6_2239,1,41,Male,KwaZulu-Natal,None,29,6,Yes,8,0
ID_TR6_2240,3,30,Male,Free State,Primary,82,6,Yes,2,1
ID_TR6_2241,1,42,Male,Eastern Cape,Matric (Grade 12),61,4,Yes,1,0
ID_TR6_2242,2,35,Other,Western Cape,University Degree,64,8,No,4,0
ID_TR6_2243,2,27,Male,Eastern Cape,None,30,8,No,5,0
ID_TR6_2244,4,35,Female,Gauteng,Grade 10-11,81,8,Yes,5,0
ID_TR6_2245,4,32,Other,Western Cape,Matric (Grade 12),50,3,No,3,0
ID_TR6_2246,1,45,Male,Free State,Matric (Grade 12),45,4,Yes,5,0
ID_TR6_2247,1,28,Other,North West,Tertiary Certificate,43,0,Yes,4,1
ID_TR6_2248,4,32,Male,Limpopo,Matric (Grade 12),79,2,Yes,4,1
ID_TR6_2249,3,25,Male,Gauteng,None,49,5,No,1,0
ID_TR6_2250,3,45,Male,Limpopo,University Degree,76,4,Yes,3,1
ID_TR6_2251,5,21,Male,Free State,None,13,2,Yes,8,0
ID_TR6_2252,2,27,Female,Gauteng,Matric (Grade 12),84,5,No,5,1
ID_TR6_2253,4,34,Female,Mpumalanga,Primary,78,4,Yes,3,0
ID_TR6_2254,1,39,Male,Free State,Primary,21,4,Yes,4,1
ID_TR6_2255,3,45,Female,Mpumalanga,Tertiary Certificate,37,7,Yes,4,1
ID_TR6_2256,3,24,Female,Northern Cape,Matric (Grade 12),18,1,Yes,8,0
ID_TR6_2257,2,35,Male,Gauteng,Grade 10-11,63,6,No,1,0
ID_TR6_2258,4,18,Female,Western Cape,Tertiary Certificate,25,0,Yes,6,0
ID_TR6_2259,2,44,Female,Gauteng,Matric (Grade 12),75,8,No,1,0
ID_TR6_2260,2,28,Other,Free State,Matric (Grade 12),24,5,Yes,1,0
ID_TR6_2261,5,40,Female,KwaZulu-Natal,Grade 10-11,25,6,Yes,6,0
ID_TR6_2262,3,38,Male,Gauteng,Matric (Grade 12),48,3,Yes,8,1
ID_TR6_2263,4,18,Female,Western Cape,Matric (Grade 12),29,0,Yes,1,0
ID_TR6_2264,3,35,Other,Western Cape,Matric (Grade 12),53,7,No,2,0
ID_TR6_2265,5,41,Female,Mpumalanga,None,77,1,Yes,5,0
ID_TR6_2266,5,29,Female,Gauteng,None,7,6,No,7,0
ID_TR6_2267,4,45,Female,Western Cape,Tertiary Certificate,80,0,Yes,3,1
ID_TR6_2268,2,41,Female,North West,Matric (Grade 12),36,0,Yes,6,0
ID_TR6_2269,1,33,Female,Gauteng,None,67,1,No,7,1
ID_TR6_2270,3,28,Female,Western Cape,Grade 10-11,42,4,Yes,3,1
ID_TR6_2271,5,43,Female,Western Cape,None,41,2,Yes,7,0
ID_TR6_2272,1,21,Other,Northern Cape,Matric (Grade 12),57,3,Yes,4,1
ID_TR6_2273,4,29,Other,North West,Matric (Grade 12),50,4,Yes,8,0
ID_TR6_2274,1,30,Female,Western Cape,Primary,71,3,No,7,1
ID_TR6_2275,3,24,Female,Eastern Cape,None,20,3,No,1,0
ID_TR6_2276,2,24,Other,Northern Cape,Grade 10-11,47,6,No,5,0
ID_TR6_2277,1,27,Other,Free State,Matric (Grade 12),81,7,Yes,4,1
ID_TR6_2278,1,37,Male,Western Cape,Primary,21,2,No,4,0
ID_TR6_2279,3,29,Other,Western Cape,University Degree,65,5,No,1,1
ID_TR6_2280,3,18,Other,KwaZulu-Natal,Primary,68,0,Yes,7,0
ID_TR6_2281,1,42,Female,Mpumalanga,Primary,33,1,Yes,3,0
ID_TR6_2282,4,30,Female,Gauteng,Primary,52,6,No,3,0
ID_TR6_2283,4,26,Other,Free State,Grade 10-11,36,2,Yes,6,1
ID_TR6_2284,5,33,Male,Gauteng,Grade 10-11,18,8,No,7,0
ID_TR6_2285,5,18,Other,Eastern Cape,Primary,46,0,Yes,7,1
ID_TR6_2286,1,29,Male,Gauteng,Tertiary Certificate,24,8,No,8,0
ID_TR6_2287,4,29,Other,Mpumalanga,Tertiary Certificate,33,0,No,4,1
ID_TR6_2288,4,18,Male,KwaZulu-Natal,Matric (Grade 12),56,0,Yes,2,1
ID_TR6_2289,3,19,Male,Western Cape,Primary,17,1,Yes,8,0
ID_TR6_2290,5,37,Other,Limpopo,Matric (Grade 12),43,7,Yes,2,0
ID_TR6_2291,5,26,Male,Gauteng,Primary,58,3,Yes,3,0
ID_TR6_2292,4,27,Male,KwaZulu-Natal,None,31,8,Yes,1,0
ID_TR6_2293,4,43,Other,Western Cape,Matric (Grade 12),59,6,No,3,0
ID_TR6_2294,5,34,Other,Free State,University Degree,48,8,Yes,6,1
ID_TR6_2295,1,22,Female,Free State,Primary,40,8,No,6,0
ID_TR6_2296,4,38,Male,North West,None,36,8,Yes,4,0
ID_TR6_2297,2,29,Other,Western Cape,Matric (Grade 12),46,0,No,2,1
ID_TR6_2298,3,42,Male,Western Cape,Grade 10-11,77,4,No,6,1
ID_TR6_2299,4,42,Female,Northern Cape,University Degree,34,6,No,8,1
ID_TR6_2300,2,36,Male,Mpumalanga,University Degree,66,8,Yes,2,0
ID_TR6_2301,5,21,Male,Western Cape,Tertiary Certificate,82,2,Yes,3,1
ID_TR6_2302,3,29,Male,Eastern Cape,None,38,5,No,4,0
ID_TR6_2303,3,23,Female,KwaZulu-Natal,Tertiary Certificate,55,4,No,6,0
ID_TR6_2304,4,31,Female,Mpumalanga,University Degree,84,8,No,1,1
ID_TR6_2305,3,32,Other,Free State,Grade 10-11,32,8,Yes,7,0
ID_TR6_2306,1,32,Female,Western Cape,Matric (Grade 12),71,0,No,5,1
ID_TR6_2307,4,32,Male,Mpumalanga,None,53,5,Yes,8,0
ID_TR6_2308,1,29,Female,Northern Cape,Primary,75,8,No,2,0
ID_TR6_2309,1,43,Male,Eastern Cape,Matric (Grade 12),65,0,Yes,2,1
ID_TR6_2310,5,35,Female,Western Cape,None,0,4,Yes,5,0
ID_TR6_2311,4,39,Male,Gauteng,Matric (Grade 12),32,0,Yes,7,1
ID_TR6_2312,2,38,Female,Mpumalanga,University Degree,63,7,No,5,1
ID_TR6_2313,3,42,Female,Gauteng,Matric (Grade 12),81,2,No,5,0
ID_TR6_2314,2,31,Other,Western Cape,Tertiary Certificate,25,4,No,8,0
ID_TR6_2315,5,26,Male,Free State,University Degree,93,3,Yes,2,1
ID_TR6_2316,1,36,Female,North West,University Degree,37,0,Yes,4,1
ID_TR6_2317,1,26,Male,Mpumalanga,Matric (Grade 12),27,1,Yes,1,0
ID_TR6_2318,3,28,Female,Western Cape,Matric (Grade 12),63,2,Yes,8,0
ID_TR6_2319,3,21,Male,Limpopo,Tertiary Certificate,76,3,Yes,8,1
ID_TR6_2320,1,34,Male,Northern Cape,None,62,7,Yes,8,0
ID_TR6_2321,5,27,Male,Gauteng,Matric (Grade 12),79,0,Yes,6,1
ID_TR6_2322,3,31,Male,Eastern Cape,Tertiary Certificate,79,8,No,7,0
ID_TR6_2323,3,21,Other,Northern Cape,Matric (Grade 12),51,3,Yes,1,0
ID_TR6_2324,4,19,Female,Limpopo,Primary,64,1,Yes,1,1
ID_TR6_2325,4,44,Female,Mpumalanga,Grade 10-11,20,6,No,4,1
ID_TR6_2326,2,24,Female,North West,University Degree,52,7,Yes,8,1
ID_TR6_2327,2,44,Other,Gauteng,Primary,71,4,No,8,1
ID_TR6_2328,2,41,Male,Western Cape,Grade 10-11,33,0,Yes,8,0
ID_TR6_2329,5,26,Male,Western Cape,None,66,6,Yes,1,1
ID_TR6_2330,3,27,Female,KwaZulu-Natal,Primary,71,6,Yes,3,0
ID_TR6_2331,1,23,Other,Mpumalanga,University Degree,76,1,Yes,3,1
ID_TR6_2332,3,41,Male,Limpopo,Tertiary Certificate,62,4,Yes,2,0
ID_TR6_2333,4,40,Female,Limpopo,Tertiary Certificate,25,3,No,7,1
ID_TR6_2334,4,35,Female,North West,None,22,7,Yes,1,0
ID_TR6_2335,4,34,Other,Western Cape,University Degree,69,2,Yes,7,1
ID_TR6_2336,2,41,Female,Western Cape,Primary,59,7,Yes,2,1
ID_TR6_2337,1,20,Other,Gauteng,Primary,21,1,Yes,8,0
ID_TR6_2338,2,26,Male,North West,Tertiary Certificate,49,1,Yes,5,1
ID_TR6_2339,1,18,Male,Free State,Tertiary Certificate,77,0,Yes,6,1
ID_TR6_2340,3,31,Male,KwaZulu-Natal,Primary,38,5,Yes,1,0
ID_TR6_2341,1,21,Male,Gauteng,Primary,50,3,Yes,7,1
ID_TR6_2342,2,44,Female,Free State,Tertiary Certificate,77,0,No,2,1
ID_TR6_2343,5,18,Male,Eastern Cape,None,22,0,No,3,0
ID_TR6_2344,4,19,Female,Free State,Primary,77,1,Yes,5,1
ID_TR6_2345,1,19,Female,Western Cape,Matric (Grade 12),24,1,Yes,8,0
ID_TR6_2346,3,33,Female,KwaZulu-Natal,Primary,84,5,No,1,0
ID_TR6_2347,1,27,Female,Limpopo,Primary,50,0,Yes,1,0
ID_TR6_2348,5,32,Female,Free State,University Degree,71,2,Yes,8,0
ID_TR6_2349,5,31,Male,North West,Tertiary Certificate,87,1,Yes,6,1
ID_TR6_2350,5,33,Female,Northern Cape,Tertiary Certificate,36,7,Yes,8,1
ID_TR6_2351,4,39,Male,Limpopo,Matric (Grade 12),69,5,Yes,7,0
ID_TR6_2352,1,25,Female,North West,Tertiary Certificate,64,5,No,3,0
ID_TR6_2353,4,37,Female,KwaZulu-Natal,Primary,79,8,Yes,5,0
ID_TR6_2354,2,27,Male,Eastern Cape,University Degree,43,0,Yes,4,1
ID_TR6_2355,2,37,Male,Western Cape,Grade 10-11,42,1,Yes,8,0
ID_TR6_2356,1,35,Other,Mpumalanga,University Degree,73,1,Yes,5,1
ID_TR6_2357,1,18,Other,Gauteng,Matric (Grade 12),19,0,Yes,5,0
ID_TR6_2358,2,34,Other,KwaZulu-Natal,Matric (Grade 12),80,6,Yes,8,0
ID_TR6_2359,3,29,Female,Northern Cape,Grade 10-11,80,3,Yes,6,1
ID_TR6_2360,4,25,Female,Western Cape,Grade 10-11,36,4,No,5,0
ID_TR6_2361,1,40,Male,North West,None,49,2,Yes,4,0
ID_TR6_2362,4,33,Other,North West,Matric (Grade 12),16,3,No,1,0
ID_TR6_2363,1,29,Other,Limpopo,Primary,79,8,No,1,0
ID_TR6_2364,1,18,Other,Gauteng,Matric (Grade 12),75,0,Yes,7,1
ID_TR6_2365,3,27,Female,Western Cape,None,12,4,Yes,2,0
ID_TR6_2366,1,36,Female,North West,Matric (Grade 12),58,5,Yes,5,0
ID_TR6_2367,1,42,Male,Western Cape,Grade 10-11,31,1,No,3,1
ID_TR6_2368,5,43,Female,Eastern Cape,University Degree,88,0,No,6,1
ID_TR6_2369,3,24,Male,Gauteng,None,24,0,Yes,7,0
ID_TR6_2370,2,39,Female,Western Cape,Grade 10-11,46,7,Yes,1,0
ID_TR6_2371,3,28,Female,KwaZulu-Natal,Primary,73,7,Yes,7,0
ID_TR6_2372,3,38,Male,North West,Primary,35,2,Yes,4,0
ID_TR6_2373,3,45,Female,North West,University Degree,99,7,No,3,1
ID_TR6_2374,1,22,Male,Free State,Primary,62,6,Yes,1,1
ID_TR6_2375,5,30,Male,Western Cape,Grade 10-11,48,6,No,7,0
ID_TR6_2376,3,32,Male,Northern Cape,Tertiary Certificate,77,1,Yes,8,1
ID_TR6_2377,4,33,Male,North West,Grade 10-11,19,1,Yes,5,0
ID_TR6_2378,4,32,Male,KwaZulu-Natal,None,70,8,Yes,2,0
ID_TR6_2379,5,30,Other,Limpopo,None,3,5,Yes,2,0
ID_TR6_2380,3,20,Male,Gauteng,Grade 10-11,51,0,Yes,3,1
ID_TR6_2381,4,24,Male,Gauteng,Tertiary Certificate,37,5,No,6,0
ID_TR6_2382,4,19,Female,Northern Cape,University Degree,58,0,Yes,1,1
ID_TR6_2383,4,20,Other,Gauteng,Grade 10-11,80,1,No,4,0
ID_TR6_2384,5,21,Female,KwaZulu-Natal,Tertiary Certificate,53,1,Yes,4,1
ID_TR6_2385,5,31,Male,Free State,Matric (Grade 12),36,0,Yes,3,0
ID_TR6_2386,5,31,Female,North West,Matric (Grade 12),27,6,Yes,7,0
ID_TR6_2387,1,24,Male,North West,Grade 10-11,37,0,Yes,2,0
ID_TR6_2388,3,27,Male,Western Cape,Matric (Grade 12),29,6,Yes,5,0
ID_TR6_2389,1,40,Female,Northern Cape,Primary,66,1,Yes,4,1
ID_TR6_2390,3,33,Other,Eastern Cape,Grade 10-11,50,6,Yes,5,0
ID_TR6_2391,4,41,Male,Mpumalanga,Tertiary Certificate,49,1,Yes,2,0
ID_TR6_2392,1,20,Female,Mpumalanga,Tertiary Certificate,41,1,No,2,0
ID_TR6_2393,5,37,Male,Western Cape,Matric (Grade 12),25,5,Yes,7,0
ID_TR6_2394,5,32,Other,Eastern Cape,Tertiary Certificate,88,4,Yes,8,1
ID_TR6_2395,1,19,Other,Limpopo,None,71,1,Yes,2,0
ID_TR6_2396,2,44,Male,Western Cape,Matric (Grade 12),17,5,Yes,4,1
ID_TR6_2397,3,39,Female,Eastern Cape,Primary,31,8,Yes,4,0
ID_TR6_2398,2,42,Male,KwaZulu-Natal,Matric (Grade 12),69,5,Yes,4,0
ID_TR6_2399,1,36,Male,Northern Cape,Grade 10-11,63,6,Yes,7,1
ID_TR6_2400,1,42,Female,Free State,Primary,33,8,Yes,7,0
ID_TR6_2401,5,27,Male,Limpopo,Primary,39,3,No,2,0
ID_TR6_2402,4,23,Other,KwaZulu-Natal,Primary,78,5,Yes,8,1
ID_TR6_2403,2,29,Female,Free State,Matric (Grade 12),48,5,Yes,8,1
ID_TR6_2404,2,44,Other,Eastern Cape,Matric (Grade 12),27,8,Yes,6,0
ID_TR6_2405,4,34,Female,Gauteng,Matric (Grade 12),72,3,No,5,1
ID_TR6_2406,2,18,Other,Western Cape,Primary,79,0,No,8,1
ID_TR6_2407,1,36,Male,Mpumalanga,Primary,28,1,Yes,2,1
ID_TR6_2408,4,25,Female,Western Cape,Grade 10-11,21,2,Yes,4,0
ID_TR6_2409,3,37,Male,Limpopo,None,59,6,Yes,3,1
ID_TR6_2410,5,31,Female,Northern Cape,None,51,2,Yes,2,1
ID_TR6_2411,3,30,Female,North West,Grade 10-11,63,3,Yes,5,0
ID_TR6_2412,4,39,Male,Mpumalanga,Matric (Grade 12),35,4,No,5,0
ID_TR6_2413,1,30,Female,Western Cape,Primary,55,0,No,8,0
ID_TR6_2414,4,30,Other,North West,None,29,2,No,2,0
ID_TR6_2415,5,30,Male,Gauteng,Primary,25,6,Yes,1,0
ID_TR6_2416,5,18,Female,Western Cape,Matric (Grade 12),42,0,Yes,7,1
ID_TR6_2417,1,39,Female,KwaZulu-Natal,Matric (Grade 12),54,6,Yes,7,0
ID_TR6_2418,2,43,Female,Eastern Cape,None,58,0,No,1,0
ID_TR6_2419,1,25,Female,Eastern Cape,University Degree,83,3,Yes,5,1
ID_TR6_2420,2,20,Male,Western Cape,Grade 10-11,72,2,No,6,1
ID_TR6_2421,1,42,Female,Limpopo,Matric (Grade 12),85,2,Yes,7,1
ID_TR6_2422,4,18,Male,Western Cape,Matric (Grade 12),25,0,No,6,0
ID_TR6_2423,1,33,Male,Free State,Tertiary Certificate,44,8,No,2,0
ID_TR6_2424,1,37,Male,Gauteng,Matric (Grade 12),62,8,Yes,1,0
ID_TR6_2425,3,27,Female,Gauteng,Matric (Grade 12),51,1,Yes,8,0
ID_TR6_2426,4,37,Female,Western Cape,Grade 10-11,70,3,No,8,1
ID_TR6_2427,4,41,Male,Northern Cape,Matric (Grade 12),61,7,No,2,0
ID_TR6_2428,3,31,Female,Gauteng,Matric (Grade 12),31,3,Yes,2,1
ID_TR6_2429,5,26,Male,KwaZulu-Natal,None,35,2,Yes,7,0
ID_TR6_2430,4,34,Female,Free State,Tertiary Certificate,89,5,Yes,3,1
ID_TR6_2431,5,25,Male,North West,Grade 10-11,15,1,No,2,0
ID_TR6_2432,5,28,Male,Gauteng,None,74,2,Yes,1,1
ID_TR6_2433,1,25,Female,Free State,University Degree,32,7,No,3,1
ID_TR6_2434,1,31,Female,Gauteng,Matric (Grade 12),31,1,Yes,8,0
ID_TR6_2435,3,43,Male,Limpopo,Matric (Grade 12),62,2,Yes,2,1
ID_TR6_2436,3,42,Male,Gauteng,None,41,4,Yes,3,0
ID_TR6_2437,2,21,Female,Western Cape,Grade 10-11,22,3,Yes,8,0
ID_TR6_2438,3,26,Male,Northern Cape,University Degree,90,7,Yes,4,1
ID_TR6_2439,5,33,Male,KwaZulu-Natal,None,35,6,Yes,7,0
ID_TR6_2440,2,30,Other,Western Cape,Matric (Grade 12),56,4,No,6,1
ID_TR6_2441,4,28,Other,Mpumalanga,Tertiary Certificate,89,3,Yes,8,1
ID_TR6_2442,2,37,Other,North West,Primary,83,8,Yes,4,0
ID_TR6_2443,1,19,Female,North West,Grade 10-11,80,1,No,3,1
ID_TR6_2444,5,44,Male,Western Cape,Matric (Grade 12),55,8,Yes,3,0
ID_TR6_2445,1,27,Female,North West,Primary,35,8,No,5,1
ID_TR6_2446,5,26,Male,Gauteng,Primary,58,8,Yes,2,0
ID_TR6_2447,3,36,Male,Gauteng,University Degree,29,0,Yes,6,0
ID_TR6_2448,3,45,Female,KwaZulu-Natal,Primary,60,8,Yes,8,0
ID_TR6_2449,1,38,Male,Eastern Cape,None,35,7,Yes,5,0
ID_TR6_2450,4,33,Female,Eastern Cape,Primary,34,3,Yes,7,0
ID_TR6_2451,1,31,Female,Mpumalanga,University Degree,64,0,Yes,1,1
ID_TR6_2452,5,20,Other,Free State,None,35,0,Yes,4,1
ID_TR6_2453,4,22,Male,Northern Cape,Grade 10-11,27,8,Yes,8,0
ID_TR6_2454,3,29,Male,KwaZulu-Natal,Tertiary Certificate,80,6,No,5,0
ID_TR6_2455,3,27,Female,Gauteng,Tertiary Certificate,34,6,Yes,5,0
ID_TR6_2456,2,32,Male,Western Cape,University Degree,50,4,Yes,3,0
ID_TR6_2457,1,40,Male,Northern Cape,Matric (Grade 12),73,7,Yes,6,1
ID_TR6_2458,4,24,Female,Northern Cape,Primary,67,2,Yes,3,0
ID_TR6_2459,3,31,Female,Western Cape,Matric (Grade 12),46,5,No,6,0
ID_TR6_2460,4,42,Other,North West,Grade 10-11,62,2,No,5,0
ID_TR6_2461,3,41,Male,Limpopo,Tertiary Certificate,67,5,No,2,0
ID_TR6_2462,4,39,Male,Western Cape,None,76,7,No,6,0
ID_TR6_2463,5,39,Male,Eastern Cape,University Degree,32,5,Yes,7,0
ID_TR6_2464,2,23,Other,Limpopo,Tertiary Certificate,34,0,Yes,7,1
ID_TR6_2465,3,26,Other,North West,Tertiary Certificate,62,8,Yes,4,1
ID_TR6_2466,3,34,Female,Western Cape,Matric (Grade 12),21,2,No,1,0
ID_TR6_2467,3,33,Female,Mpumalanga,None,56,6,Yes,4,0
ID_TR6_2468,1,20,Other,Limpopo,Primary,51,2,Yes,6,1
ID_TR6_2469,5,24,Female,KwaZulu-Natal,Primary,38,1,No,3,0
ID_TR6_2470,2,42,Female,Eastern Cape,Grade 10-11,61,2,Yes,7,0
ID_TR6_2471,1,33,Male,Western Cape,Matric (Grade 12),30,0,Yes,3,1
ID_TR6_2472,4,38,Male,North West,Tertiary Certificate,80,1,Yes,5,1
ID_TR6_2473,2,33,Female,Western Cape,Primary,44,5,Yes,2,0
ID_TR6_2474,2,44,Female,Western Cape,Primary,21,1,Yes,3,0
ID_TR6_2475,3,21,Female,Western Cape,University Degree,28,3,Yes,1,1
ID_TR6_2476,1,26,Female,North West,None,69,1,Yes,6,1
ID_TR6_2477,3,32,Female,Eastern Cape,None,47,8,Yes,7,0
ID_TR6_2478,3,33,Other,North West,Grade 10-11,59,3,Yes,8,1
ID_TR6_2479,5,40,Male,KwaZulu-Natal,University Degree,56,4,No,1,1
ID_TR6_2480,2,21,Female,Northern Cape,None,46,2,Yes,1,1
ID_TR6_2481,4,37,Male,Gauteng,Grade 10-11,78,6,No,4,0
ID_TR6_2482,3,20,Male,Eastern Cape,None,15,2,Yes,8,0
ID_TR6_2483,5,22,Male,Western Cape,Grade 10-11,66,0,Yes,2,1
ID_TR6_2484,5,45,Other,North West,None,29,4,No,3,0
ID_TR6_2485,4,21,Male,Free State,Primary,67,1,No,5,1
ID_TR6_2486,5,33,Female,Free State,Matric (Grade 12),24,1,No,8,0
ID_TR6_2487,5,22,Other,Western Cape,Grade 10-11,39,8,No,8,0
ID_TR6_2488,3,20,Female,North West,Tertiary Certificate,26,2,No,1,0
ID_TR6_2489,1,36,Female,Western Cape,Tertiary Certificate,57,8,Yes,2,0
ID_TR6_2490,5,44,Other,Eastern Cape,Matric (Grade 12),53,1,No,2,1
ID_TR6_2491,1,27,Female,KwaZulu-Natal,University Degree,33,2,Yes,1,1
ID_TR6_2492,5,29,Male,North West,None,45,7,No,3,0
ID_TR6_2493,2,31,Male,Northern Cape,Tertiary Certificate,39,4,Yes,6,1
ID_TR6_2494,1,42,Female,Limpopo,Primary,70,4,Yes,1,1
ID_TR6_2495,2,35,Female,Western Cape,Matric (Grade 12),64,4,Yes,8,1
ID_TR6_2496,4,44,Male,Eastern Cape,Tertiary Certificate,28,2,Yes,2,0
ID_TR6_2497,5,26,Other,Northern Cape,None,49,4,Yes,6,1
ID_TR6_2498,3,37,Other,Western Cape,University Degree,94,0,Yes,4,1
ID_TR6_2499,5,37,Female,Western Cape,Grade 10-11,52,8,No,3,1
ID_TR6_2500,5,31,Female,Eastern Cape,None,5,7,Yes,1,1
ID_TR6_2501,1,37,Male,Free State,Matric (Grade 12),28,7,Yes,3,0
ID_TR6_2502,5,28,Male,Gauteng,Grade 10-11,22,5,Yes,6,0
ID_TR6_2503,2,39,Female,Northern Cape,University Degree,85,0,No,8,1
ID_TR6_2504,3,33,Female,Gauteng,University Degree,83,5,No,1,0
ID_TR6_2505,2,38,Other,Gauteng,Tertiary Certificate,34,7,Yes,3,0
ID_TR6_2506,5,34,Male,Free State,Tertiary Certificate,62,4,Yes,2,0
ID_TR6_2507,2,19,Female,Western Cape,University Degree,33,1,Yes,3,0
ID_TR6_2508,2,22,Male,KwaZulu-Natal,Matric (Grade 12),43,2,Yes,3,0
ID_TR6_2509,4,33,Female,Mpumalanga,Grade 10-11,56,3,Yes,2,1
ID_TR6_2510,3,31,Female,Eastern Cape,Matric (Grade 12),30,8,Yes,7,1
ID_TR6_2511,1,31,Female,Northern Cape,Matric (Grade 12),29,3,Yes,6,0
ID_TR6_2512,5,42,Female,Mpumalanga,Tertiary Certificate,68,0,Yes,2,1
ID_TR6_2513,2,25,Female,North West,Primary,65,5,No,2,0
ID_TR6_2514,3,18,Female,Western Cape,Grade 10-11,52,0,No,6,0
ID_TR6_2515,5,38,Male,Western Cape,None,65,4,Yes,8,1
ID_TR6_2516,2,43,Male,Western Cape,Grade 10-11,41,1,Yes,6,0
ID_TR6_2517,5,33,Male,Gauteng,Matric (Grade 12),44,4,No,3,1
ID_TR6_2518,5,36,Female,Limpopo,Matric (Grade 12),53,2,No,1,1
ID_TR6_2519,3,39,Male,Mpumalanga,Primary,45,1,No,6,0
ID_TR6_2520,2,33,Male,Eastern Cape,Grade 10-11,30,3,Yes,5,1
ID_TR6_2521,1,31,Female,North West,University Degree,41,5,No,8,0
ID_TR6_2522,2,35,Male,Northern Cape,University Degree,77,0,Yes,1,1
ID_TR6_2523,2,38,Female,Western Cape,None,5,6,Yes,5,1
ID_TR6_2524,2,27,Male,North West,University Degree,45,5,No,8,1
ID_TR6_2525,4,22,Male,Free State,Tertiary Certificate,27,5,Yes,7,0
ID_TR6_2526,5,21,Female,Eastern Cape,Matric (Grade 12),48,3,Yes,2,0
ID_TR6_2527,1,18,Male,Western Cape,Primary,52,0,No,2,1
ID_TR6_2528,4,18,Female,Free State,Tertiary Certificate,61,0,Yes,2,1
ID_TR6_2529,1,22,Other,North West,Primary,46,7,Yes,8,0
ID_TR6_2530,3,24,Female,Western Cape,University Degree,35,2,Yes,5,1
ID_TR6_2531,3,27,Male,Northern Cape,University Degree,31,2,Yes,4,1
ID_TR6_2532,5,28,Female,Free State,Primary,36,6,No,3,0
ID_TR6_2533,5,25,Other,Limpopo,Matric (Grade 12),16,6,Yes,2,0
ID_TR6_2534,2,18,Male,KwaZulu-Natal,Matric (Grade 12),27,0,Yes,7,1
ID_TR6_2535,3,20,Female,Western Cape,Grade 10-11,35,0,Yes,8,0
ID_TR6_2536,1,25,Male,Mpumalanga,Grade 10-11,81,6,No,3,1
ID_TR6_2537,5,41,Male,Limpopo,Primary,38,4,Yes,8,0
ID_TR6_2538,4,21,Male,Gauteng,None,53,3,No,2,0
ID_TR6_2539,5,29,Other,KwaZulu-Natal,Primary,72,6,Yes,6,1
ID_TR6_2540,5,27,Female,Mpumalanga,University Degree,65,6,Yes,2,1
ID_TR6_2541,4,22,Other,North West,Grade 10-11,70,5,Yes,3,0
ID_TR6_2542,3,42,Female,Gauteng,Primary,59,4,No,5,0
ID_TR6_2543,2,41,Female,Limpopo,Matric (Grade 12),51,2,No,1,1
ID_TR6_2544,3,34,Female,North West,Matric (Grade 12),63,8,Yes,5,1
ID_TR6_2545,5,35,Other,Northern Cape,None,64,0,Yes,6,0
ID_TR6_2546,4,22,Other,Gauteng,Matric (Grade 12),23,3,No,4,0
ID_TR6_2547,4,35,Female,Gauteng,Grade 10-11,42,6,No,4,0
ID_TR6_2548,4,19,Male,Mpumalanga,None,50,1,No,2,0
ID_TR6_2549,4,18,Female,Limpopo,Matric (Grade 12),34,0,No,3,0
ID_TR6_2550,3,22,Other,Gauteng,None,58,6,No,8,0
ID_TR6_2551,3,20,Female,North West,University Degree,71,1,No,4,1
ID_TR6_2552,4,22,Other,North West,Matric (Grade 12),82,6,No,7,0
ID_TR6_2553,2,33,Female,North West,Matric (Grade 12),33,0,Yes,5,1
ID_TR6_2554,4,43,Male,Free State,None,55,7,Yes,4,1
ID_TR6_2555,2,22,Male,North West,Matric (Grade 12),66,8,Yes,5,0
ID_TR6_2556,2,36,Other,Gauteng,Grade 10-11,49,8,No,2,0
ID_TR6_2557,5,19,Female,North West,Matric (Grade 12),26,1,Yes,1,0
ID_TR6_2558,3,20,Other,Limpopo,None,24,2,No,4,0
ID_TR6_2559,5,28,Other,Mpumalanga,Matric (Grade 12),22,1,Yes,5,1
ID_TR6_2560,3,36,Female,Free State,Tertiary Certificate,80,0,No,3,1
ID_TR6_2561,4,22,Female,KwaZulu-Natal,Primary,68,5,Yes,3,0
ID_TR6_2562,2,22,Male,Free State,Matric (Grade 12),65,0,Yes,6,1
ID_TR6_2563,5,18,Male,Free State,Matric (Grade 12),34,0,No,6,1
ID_TR6_2564,5,43,Other,Gauteng,Primary,76,1,Yes,5,1
ID_TR6_2565,1,24,Female,Western Cape,Matric (Grade 12),29,6,Yes,6,0
ID_TR6_2566,2,32,Other,Western Cape,Matric (Grade 12),69,0,Yes,6,1
ID_TR6_2567,5,22,Female,Eastern Cape,Tertiary Certificate,30,1,No,4,0
ID_TR6_2568,5,40,Female,Free State,Matric (Grade 12),26,6,Yes,5,0
ID_TR6_2569,3,26,Other,Western Cape,Grade 10-11,71,8,Yes,8,0
ID_TR6_2570,4,42,Male,Western Cape,Grade 10-11,74,1,Yes,5,1
ID_TR6_2571,4,24,Female,Eastern Cape,University Degree,68,8,Yes,1,0
ID_TR6_2572,5,30,Male,Western Cape,Primary,49,0,No,2,1
ID_TR6_2573,5,31,Female,Western Cape,Matric (Grade 12),63,3,Yes,3,0
ID_TR6_2574,1,34,Female,Eastern Cape,University Degree,92,8,Yes,3,1
ID_TR6_2575,3,39,Female,Free State,University Degree,86,2,Yes,3,1
ID_TR6_2576,5,32,Other,Free State,None,15,3,No,1,0
ID_TR6_2577,2,31,Other,Free State,Tertiary Certificate,75,5,Yes,4,1
ID_TR6_2578,5,28,Female,North West,None,47,5,Yes,2,0
ID_TR6_2579,2,23,Female,Mpumalanga,Primary,36,0,Yes,4,0
ID_TR6_2580,3,24,Male,Eastern Cape,Matric (Grade 12),83,4,No,2,1
ID_TR6_2581,1,35,Male,Mpumalanga,Primary,37,2,Yes,1,0
ID_TR6_2582,2,29,Other,Gauteng,None,47,4,Yes,1,0
ID_TR6_2583,3,44,Male,Western Cape,Matric (Grade 12),26,0,Yes,8,0
ID_TR6_2584,4,38,Male,Gauteng,Primary,51,5,Yes,2,0
ID_TR6_2585,4,42,Female,Limpopo,Primary,59,6,Yes,5,0
ID_TR6_2586,2,42,Male,Mpumalanga,Tertiary Certificate,67,5,No,1,1
ID_TR6_2587,2,18,Female,Eastern Cape,Matric (Grade 12),27,0,No,4,1
ID_TR6_2588,5,21,Female,Western Cape,Tertiary Certificate,44,3,No,4,0
ID_TR6_2589,1,35,Other,Mpumalanga,Matric (Grade 12),34,8,Yes,6,0
ID_TR6_2590,2,29,Male,Gauteng,Tertiary Certificate,51,8,Yes,5,1
ID_TR6_2591,4,30,Male,Northern Cape,University Degree,47,7,Yes,4,1
ID_TR6_2592,5,43,Male,Western Cape,Tertiary Certificate,63,7,Yes,3,0
ID_TR6_2593,3,29,Male,KwaZulu-Natal,Matric (Grade 12),57,3,Yes,3,1
ID_TR6_2594,3,43,Female,Gauteng,Tertiary Certificate,46,2,Yes,2,0
ID_TR6_2595,4,45,Female,Limpopo,Primary,58,2,Yes,6,0
ID_TR6_2596,2,33,Male,Northern Cape,None,50,6,No,4,0
ID_TR6_2597,2,34,Female,North West,University Degree,35,7,No,8,0
ID_TR6_2598,1,21,Female,Northern Cape,None,46,0,Yes,1,0
ID_TR6_2599,5,23,Female,Gauteng,Matric (Grade 12),44,1,No,1,0
ID_TR6_2600,1,29,Male,Gauteng,University Degree,41,1,Yes,6,1
ID_TR6_2601,5,41,Other,Eastern Cape,None,6,7,Yes,5,0
ID_TR6_2602,5,31,Female,Gauteng,Matric (Grade 12),36,3,No,8,1
ID_TR6_2603,2,31,Female,Gauteng,None,45,4,No,5,0
ID_TR6_2604,4,21,Other,Northern Cape,Matric (Grade 12),21,3,Yes,7,0
ID_TR6_2605,1,19,Female,Mpumalanga,Matric (Grade 12),15,0,Yes,8,1
ID_TR6_2606,1,37,Male,Free State,Primary,76,8,Yes,3,0
ID_TR6_2607,3,31,Male,Limpopo,Grade 10-11,50,2,Yes,1,1
ID_TR6_2608,5,23,Female,Western Cape,Tertiary Certificate,34,3,Yes,2,0
ID_TR6_2609,5,18,Female,KwaZulu-Natal,Matric (Grade 12),41,0,Yes,2,1
ID_TR6_2610,3,33,Female,Limpopo,Grade 10-11,64,8,Yes,7,0
ID_TR6_2611,4,45,Male,Gauteng,University Degree,61,8,Yes,8,1
ID_TR6_2612,1,33,Female,Northern Cape,Grade 10-11,58,2,Yes,5,1
ID_TR6_2613,5,44,Female,Gauteng,None,10,8,Yes,6,0
ID_TR6_2614,1,29,Male,Western Cape,None,58,6,No,4,0
ID_TR6_2615,5,44,Male,Eastern Cape,Matric (Grade 12),15,2,Yes,4,0
ID_TR6_2616,2,41,Male,Eastern Cape,None,9,1,No,3,1
ID_TR6_2617,3,44,Male,Northern Cape,Matric (Grade 12),42,8,Yes,8,0
ID_TR6_2618,1,33,Other,Western Cape,None,28,1,No,8,1
ID_TR6_2619,2,44,Female,Mpumalanga,University Degree,79,4,Yes,5,1
ID_TR6_2620,2,37,Female,Western Cape,None,72,3,Yes,5,1
ID_TR6_2621,4,25,Female,Northern Cape,Matric (Grade 12),52,8,Yes,7,0
ID_TR6_2622,5,27,Female,Limpopo,None,9,6,Yes,8,0
ID_TR6_2623,3,28,Male,Free State,Matric (Grade 12),50,6,Yes,2,1
ID_TR6_2624,5,35,Female,Limpopo,Tertiary Certificate,85,3,No,3,1
ID_TR6_2625,2,30,Male,Mpumalanga,Grade 10-11,66,0,No,7,0
ID_TR6_2626,2,39,Other,Gauteng,Primary,37,2,Yes,3,0
ID_TR6_2627,5,19,Male,Mpumalanga,Grade 10-11,20,1,Yes,6,0
ID_TR6_2628,4,40,Male,Eastern Cape,Matric (Grade 12),32,4,No,8,0
ID_TR6_2629,2,34,Female,Gauteng,Matric (Grade 12),79,2,Yes,3,1
ID_TR6_2630,4,24,Female,Western Cape,Primary,48,1,No,6,0
ID_TR6_2631,4,33,Male,Western Cape,Grade 10-11,37,6,No,2,0
ID_TR6_2632,5,37,Female,KwaZulu-Natal,Matric (Grade 12),39,7,Yes,6,0
ID_TR6_2633,3,30,Female,Western Cape,Grade 10-11,33,2,Yes,2,0
ID_TR6_2634,5,21,Male,North West,Matric (Grade 12),85,3,Yes,2,0
ID_TR6_2635,1,44,Male,Northern Cape,Matric (Grade 12),82,1,No,8,1
ID_TR6_2636,5,41,Male,Gauteng,Grade 10-11,24,1,Yes,2,0
ID_TR6_2637,4,45,Female,Eastern Cape,Primary,43,3,Yes,8,0
ID_TR6_2638,3,42,Other,Mpumalanga,University Degree,80,0,Yes,7,1
ID_TR6_2639,1,44,Female,Mpumalanga,Primary,82,6,Yes,4,0
ID_TR6_2640,3,43,Female,Northern Cape,Matric (Grade 12),74,0,Yes,2,1
ID_TR6_2641,3,37,Female,Northern Cape,None,46,2,No,7,0
ID_TR6_2642,5,43,Female,North West,Matric (Grade 12),39,7,Yes,5,0
ID_TR6_2643,1,33,Other,Gauteng,Tertiary Certificate,69,0,Yes,3,1
ID_TR6_2644,1,28,Female,Free State,Matric (Grade 12),26,8,Yes,2,0
ID_TR6_2645,1,43,Female,Free State,University Degree,63,3,Yes,1,1
ID_TR6_2646,2,41,Female,Northern Cape,None,63,6,Yes,4,0
ID_TR6_2647,1,18,Female,Mpumalanga,None,63,0,Yes,3,1
ID_TR6_2648,5,35,Male,Western Cape,None,57,7,No,1,0
ID_TR6_2649,5,43,Male,Eastern Cape,Primary,75,4,Yes,5,0
ID_TR6_2650,1,39,Male,Free State,Grade 10-11,37,4,Yes,7,0
ID_TR6_2651,2,30,Male,Western Cape,Matric (Grade 12),16,1,Yes,1,0
ID_TR6_2652,4,42,Male,Western Cape,Primary,72,2,Yes,3,0
ID_TR6_2653,1,34,Male,Northern Cape,Matric (Grade 12),18,4,Yes,7,0
ID_TR6_2654,5,43,Male,Free State,Matric (Grade 12),44,5,Yes,6,0
ID_TR6_2655,5,23,Female,Eastern Cape,Matric (Grade 12),43,2,Yes,8,1
ID_TR6_2656,1,42,Female,KwaZulu-Natal,Matric (Grade 12),24,7,Yes,3,0
ID_TR6_2657,3,30,Male,Mpumalanga,University Degree,61,7,No,4,0
ID_TR6_2658,5,23,Other,Western Cape,Matric (Grade 12),66,7,Yes,3,0
ID_TR6_2659,5,33,Male,Limpopo,Matric (Grade 12),47,2,No,6,0
ID_TR6_2660,2,23,Other,Gauteng,Primary,57,4,Yes,5,0
ID_TR6_2661,5,41,Male,Gauteng,Matric (Grade 12),19,8,Yes,4,0
ID_TR6_2662,1,30,Male,North West,University Degree,75,0,Yes,6,1
ID_TR6_2663,3,18,Male,Northern Cape,University Degree,63,0,No,1,1
ID_TR6_2664,5,38,Female,Western Cape,Primary,17,1,Yes,3,0
ID_TR6_2665,1,21,Female,Free State,Tertiary Certificate,64,3,Yes,4,0
ID_TR6_2666,5,22,Male,Free State,Matric (Grade 12),34,7,Yes,1,0
ID_TR6_2667,1,18,Female,Eastern Cape,Tertiary Certificate,43,0,Yes,3,0
ID_TR6_2668,2,41,Male,Northern Cape,None,63,2,Yes,3,0
ID_TR6_2669,4,20,Other,Mpumalanga,None,77,2,Yes,1,1
ID_TR6_2670,5,35,Female,Eastern Cape,Tertiary Certificate,24,5,Yes,7,0
ID_TR6_2671,2,42,Female,Free State,Primary,62,1,Yes,5,1
ID_TR6_2672,2,32,Male,Mpumalanga,Matric (Grade 12),62,5,Yes,4,1
ID_TR6_2673,2,24,Other,Northern Cape,None,53,0,Yes,6,1
ID_TR6_2674,2,32,Male,North West,Grade 10-11,34,6,Yes,2,0
ID_TR6_2675,5,29,Female,Limpopo,None,61,2,No,1,0
ID_TR6_2676,1,39,Other,Free State,Tertiary Certificate,85,0,Yes,5,1
ID_TR6_2677,2,25,Other,Gauteng,Primary,46,8,No,7,0
ID_TR6_2678,4,44,Other,North West,University Degree,93,3,Yes,3,1
ID_TR6_2679,2,33,Male,Mpumalanga,University Degree,62,6,Yes,8,1
ID_TR6_2680,1,29,Other,Western Cape,Primary,31,2,Yes,4,0
ID_TR6_2681,5,26,Female,Gauteng,Tertiary Certificate,37,4,Yes,5,0
ID_TR6_2682,2,18,Female,Gauteng,None,3,0,Yes,2,0
ID_TR6_2683,5,44,Male,Gauteng,Primary,75,0,No,4,1
ID_TR6_2684,4,37,Female,Free State,Tertiary Certificate,68,4,No,6,1
ID_TR6_2685,4,23,Other,Western Cape,University Degree,82,3,No,8,1
ID_TR6_2686,5,20,Other,Gauteng,Primary,24,2,Yes,7,0
ID_TR6_2687,5,45,Other,Northern Cape,Primary,34,0,Yes,7,0
ID_TR6_2688,5,28,Female,Free State,None,23,6,Yes,4,0
ID_TR6_2689,1,43,Female,Gauteng,Grade 10-11,80,8,Yes,8,0
ID_TR6_2690,4,28,Male,Northern Cape,University Degree,48,5,No,1,0
ID_TR6_2691,5,26,Female,Gauteng,University Degree,78,3,Yes,5,1
ID_TR6_2692,5,30,Female,KwaZulu-Natal,None,73,0,Yes,5,1
ID_TR6_2693,4,28,Female,Free State,Tertiary Certificate,54,0,Yes,2,1
ID_TR6_2694,5,26,Other,Western Cape,Matric (Grade 12),55,5,Yes,6,0
ID_TR6_2695,3,43,Male,Northern Cape,Primary,47,0,Yes,1,1
ID_TR6_2696,4,38,Male,North West,Matric (Grade 12),48,4,Yes,7,0
ID_TR6_2697,1,30,Female,Mpumalanga,Matric (Grade 12),75,7,Yes,4,1
ID_TR6_2698,2,25,Female,KwaZulu-Natal,Matric (Grade 12),34,0,Yes,1,1
ID_TR6_2699,2,44,Female,Limpopo,Tertiary Certificate,82,3,Yes,8,1
ID_TR6_2700,2,34,Male,Gauteng,None,18,0,No,2,0
ID_TR6_2701,5,24,Male,Limpopo,None,19,4,Yes,3,0
ID_TR6_2702,4,36,Female,Western Cape,Matric (Grade 12),57,3,Yes,8,0
ID_TR6_2703,4,33,Female,North West,Tertiary Certificate,29,8,No,5,0
ID_TR6_2704,4,32,Male,Northern Cape,None,46,7,Yes,4,1
ID_TR6_2705,4,30,Male,Free State,Tertiary Certificate,33,8,Yes,4,1
ID_TR6_2706,4,30,Female,Gauteng,None,44,8,Yes,2,0
ID_TR6_2707,3,41,Other,Western Cape,None,14,5,Yes,6,0
ID_TR6_2708,4,33,Female,Limpopo,Matric (Grade 12),38,7,Yes,7,0
ID_TR6_2709,1,34,Female,KwaZulu-Natal,None,23,3,Yes,1,0
ID_TR6_2710,2,38,Other,Mpumalanga,None,71,0,Yes,4,1
ID_TR6_2711,4,36,Male,Gauteng,Primary,72,0,Yes,1,0
ID_TR6_2712,5,35,Female,Eastern Cape,None,33,2,Yes,3,0
ID_TR6_2713,4,38,Male,North West,University Degree,75,0,Yes,7,1
ID_TR6_2714,3,30,Other,Northern Cape,None,17,1,Yes,5,0
ID_TR6_2715,3,35,Other,Free State,Matric (Grade 12),66,4,Yes,7,1
ID_TR6_2716,4,20,Male,Gauteng,Matric (Grade 12),72,2,Yes,3,0
ID_TR6_2717,1,24,Male,Western Cape,Primary,76,5,Yes,1,1
ID_TR6_2718,4,30,Other,Western Cape,Primary,69,4,Yes,2,1
ID_TR6_2719,4,25,Male,Free State,Grade 10-11,17,0,No,8,0
ID_TR6_2720,5,39,Male,North West,Primary,23,7,No,7,0
ID_TR6_2721,3,21,Male,Free State,Matric (Grade 12),79,0,Yes,5,1
ID_TR6_2722,4,27,Male,Limpopo,Matric (Grade 12),36,3,No,1,0
ID_TR6_2723,2,34,Other,Mpumalanga,None,38,6,Yes,7,0
ID_TR6_2724,3,42,Female,Gauteng,Matric (Grade 12),22,4,No,5,0
ID_TR6_2725,5,22,Other,Western Cape,University Degree,59,7,Yes,3,1
ID_TR6_2726,4,18,Other,Northern Cape,Matric (Grade 12),82,0,Yes,4,1
ID_TR6_2727,5,20,Female,Limpopo,Primary,75,2,Yes,3,0
ID_TR6_2728,2,27,Female,Eastern Cape,Grade 10-11,70,0,Yes,8,1
ID_TR6_2729,4,33,Female,Eastern Cape,Primary,63,1,Yes,7,1
ID_TR6_2730,1,44,Female,North West,Matric (Grade 12),25,2,No,6,1
ID_TR6_2731,3,21,Female,KwaZulu-Natal,Matric (Grade 12),66,3,No,2,1
ID_TR6_2732,5,21,Female,Limpopo,Tertiary Certificate,83,3,Yes,6,1
ID_TR6_2733,2,40,Male,Northern Cape,University Degree,30,4,No,5,1
ID_TR6_2734,1,33,Female,Western Cape,Matric (Grade 12),31,5,Yes,1,0
ID_TR6_2735,1,36,Female,Gauteng,Tertiary Certificate,46,8,No,8,0
ID_TR6_2736,2,27,Male,Free State,Tertiary Certificate,54,3,No,3,1
ID_TR6_2737,4,32,Female,KwaZulu-Natal,Tertiary Certificate,67,1,No,7,1
ID_TR6_2738,1,40,Female,Gauteng,None,76,6,No,7,0
ID_TR6_2739,3,38,Male,Western Cape,University Degree,39,7,Yes,7,1
ID_TR6_2740,5,37,Female,Western Cape,University Degree,92,0,Yes,8,1
ID_TR6_2741,3,23,Male,North West,None,47,0,Yes,6,1
ID_TR6_2742,3,35,Female,Eastern Cape,Tertiary Certificate,83,2,No,1,1
ID_TR6_2743,3,31,Female,Gauteng,Matric (Grade 12),17,7,Yes,7,0
ID_TR6_2744,1,31,Female,Western Cape,Matric (Grade 12),38,0,Yes,8,1
ID_TR6_2745,5,29,Other,Western Cape,None,49,8,No,8,0
ID_TR6_2746,5,44,Female,Mpumalanga,University Degree,32,1,No,6,1
ID_TR6_2747,1,29,Male,Gauteng,University Degree,33,0,Yes,6,1
ID_TR6_2748,2,20,Female,Mpumalanga,None,22,0,No,6,0
ID_TR6_2749,2,31,Female,Western Cape,Grade 10-11,29,3,Yes,6,0
ID_TR6_2750,4,33,Male,Free State,Primary,74,7,Yes,7,0
ID_TR6_2751,5,41,Other,Eastern Cape,Primary,32,5,No,2,0
ID_TR6_2752,2,37,Female,KwaZulu-Natal,Grade 10-11,53,1,No,7,0
ID_TR6_2753,5,34,Other,Gauteng,Grade 10-11,20,5,Yes,2,0
ID_TR6_2754,2,24,Other,Western Cape,Primary,71,8,Yes,3,1
ID_TR6_2755,1,25,Female,North West,Tertiary Certificate,60,6,Yes,8,0
ID_TR6_2756,2,18,Male,Gauteng,Tertiary Certificate,73,0,No,7,0
ID_TR6_2757,1,34,Female,Northern Cape,Matric (Grade 12),52,7,Yes,8,1
ID_TR6_2758,5,36,Female,Western Cape,None,34,3,Yes,6,0
ID_TR6_2759,2,34,Female,Gauteng,Grade 10-11,51,8,No,8,0
ID_TR6_2760,5,26,Other,Northern Cape,University Degree,49,5,Yes,7,1
ID_TR6_2761,5,45,Male,North West,Grade 10-11,47,5,Yes,3,1
ID_TR6_2762,1,29,Female,Western Cape,University Degree,46,8,Yes,1,1
ID_TR6_2763,5,23,Female,Limpopo,None,71,2,Yes,3,1
ID_TR6_2764,1,41,Other,Free State,University Degree,43,7,Yes,3,0
ID_TR6_2765,1,42,Male,Gauteng,Matric (Grade 12),69,4,Yes,2,0
ID_TR6_2766,1,30,Female,Mpumalanga,Matric (Grade 12),50,1,Yes,4,0
ID_TR6_2767,4,25,Female,Northern Cape,Tertiary Certificate,29,3,Yes,1,0
ID_TR6_2768,5,21,Other,Mpumalanga,Matric (Grade 12),23,3,Yes,7,0
ID_TR6_2769,3,44,Female,Free State,Matric (Grade 12),22,4,No,6,0
ID_TR6_2770,5,40,Female,Western Cape,Primary,30,5,Yes,5,0
ID_TR6_2771,4,30,Female,Western Cape,University Degree,41,4,No,4,1
ID_TR6_2772,4,21,Male,Eastern Cape,Matric (Grade 12),62,3,Yes,1,1
ID_TR6_2773,5,20,Other,Western Cape,Matric (Grade 12),60,2,No,2,0
ID_TR6_2774,1,35,Other,Limpopo,Tertiary Certificate,41,1,Yes,5,1
ID_TR6_2775,2,27,Male,Western Cape,Matric (Grade 12),50,6,No,7,1
ID_TR6_2776,1,30,Female,Free State,Primary,17,1,Yes,7,0
ID_TR6_2777,1,37,Other,Northern Cape,Grade 10-11,57,0,No,2,1
ID_TR6_2778,3,42,Female,Free State,Matric (Grade 12),75,0,No,7,0
ID_TR6_2779,5,22,Other,North West,Tertiary Certificate,31,8,Yes,3,0
ID_TR6_2780,5,28,Female,Free State,None,40,2,No,6,1
ID_TR6_2781,3,30,Female,Western Cape,Grade 10-11,64,0,Yes,4,1
ID_TR6_2782,3,21,Male,KwaZulu-Natal,University Degree,46,3,Yes,4,0
ID_TR6_2783,5,20,Female,Free State,University Degree,33,2,Yes,4,1
ID_TR6_2784,3,44,Female,Free State,Tertiary Certificate,51,3,No,3,1
ID_TR6_2785,4,41,Female,Eastern Cape,None,28,2,No,1,0
ID_TR6_2786,4,43,Female,KwaZulu-Natal,Matric (Grade 12),45,5,Yes,7,0
ID_TR6_2787,2,24,Other,Northern Cape,Primary,66,0,Yes,5,1
ID_TR6_2788,2,20,Female,KwaZulu-Natal,Matric (Grade 12),16,2,Yes,4,0
ID_TR6_2789,2,23,Female,Northern Cape,Matric (Grade 12),67,7,Yes,8,0
ID_TR6_2790,3,32,Male,KwaZulu-Natal,University Degree,73,3,Yes,1,1
ID_TR6_2791,1,22,Female,Western Cape,Primary,52,5,No,1,0
ID_TR6_2792,3,19,Other,Mpumalanga,Primary,59,1,No,2,1
ID_TR6_2793,3,23,Other,Gauteng,Matric (Grade 12),41,0,No,7,1
ID_TR6_2794,3,25,Female,Northern Cape,Matric (Grade 12),16,3,Yes,1,0
ID_TR6_2795,4,36,Female,Gauteng,University Degree,56,7,Yes,4,0
ID_TR6_2796,1,29,Female,North West,Matric (Grade 12),80,5,Yes,2,1
ID_TR6_2797,1,25,Male,Gauteng,None,71,1,Yes,1,1
ID_TR6_2798,5,42,Female,Northern Cape,Matric (Grade 12),65,2,Yes,8,0
ID_TR6_2799,5,25,Male,Free State,Matric (Grade 12),58,8,No,1,0
ID_TR6_2800,5,36,Other,Gauteng,Matric (Grade 12),44,2,Yes,2,0
ID_TR6_2801,5,30,Female,Gauteng,None,35,0,Yes,7,0
ID_TR6_2802,1,23,Other,Western Cape,Grade 10-11,68,7,No,4,0
ID_TR6_2803,1,30,Other,North West,Matric (Grade 12),17,6,Yes,6,0
ID_TR6_2804,4,26,Male,Limpopo,Primary,50,5,No,4,0
ID_TR6_2805,3,38,Male,Western Cape,Grade 10-11,16,3,Yes,4,0
ID_TR6_2806,2,39,Male,Northern Cape,Tertiary Certificate,62,3,Yes,5,1
ID_TR6_2807,1,32,Male,Free State,University Degree,76,1,Yes,1,1
ID_TR6_2808,3,31,Female,Mpumalanga,Tertiary Certificate,30,3,Yes,4,1
ID_TR6_2809,5,43,Female,Western Cape,Tertiary Certificate,83,1,No,2,1
ID_TR6_2810,5,26,Female,KwaZulu-Natal,Grade 10-11,84,5,Yes,3,0
ID_TR6_2811,3,29,Other,KwaZulu-Natal,Matric (Grade 12),25,3,Yes,5,0
ID_TR6_2812,1,21,Female,Gauteng,Tertiary Certificate,45,3,Yes,2,0
ID_TR6_2813,2,19,Male,Eastern Cape,Primary,34,1,Yes,4,0
ID_TR6_2814,2,26,Female,Mpumalanga,Primary,38,5,No,4,0
ID_TR6_2815,2,22,Other,Gauteng,Matric (Grade 12),29,2,Yes,7,1
ID_TR6_2816,1,32,Female,Free State,Tertiary Certificate,40,0,Yes,1,1
ID_TR6_2817,3,30,Male,North West,Matric (Grade 12),52,4,Yes,2,0
ID_TR6_2818,3,41,Female,Gauteng,Grade 10-11,63,8,Yes,8,0
ID_TR6_2819,5,21,Male,Limpopo,Tertiary Certificate,75,3,Yes,4,1
ID_TR6_2820,4,37,Female,North West,None,28,6,No,1,0
ID_TR6_2821,3,37,Other,Western Cape,Matric (Grade 12),44,1,Yes,4,1
ID_TR6_2822,2,28,Male,Mpumalanga,Matric (Grade 12),61,5,No,2,1
ID_TR6_2823,4,19,Female,Gauteng,Matric (Grade 12),33,1,No,3,1
ID_TR6_2824,1,21,Male,Western Cape,None,64,3,No,7,1
ID_TR6_2825,3,30,Female,Free State,Matric (Grade 12),40,5,No,5,0
ID_TR6_2826,3,32,Male,Gauteng,Matric (Grade 12),33,2,No,5,0
ID_TR6_2827,3,35,Male,Gauteng,None,70,1,Yes,5,1
ID_TR6_2828,3,42,Male,Northern Cape,Matric (Grade 12),41,3,Yes,6,0
ID_TR6_2829,5,32,Male,Gauteng,University Degree,42,3,Yes,2,1
ID_TR6_2830,3,18,Other,Free State,Matric (Grade 12),54,0,No,4,1
ID_TR6_2831,3,43,Female,North West,None,58,6,No,5,0
ID_TR6_2832,3,33,Male,Western Cape,Primary,61,6,Yes,3,0
ID_TR6_2833,1,19,Female,Free State,Matric (Grade 12),78,1,Yes,5,1
ID_TR6_2834,2,27,Other,Free State,Matric (Grade 12),44,6,No,3,0
ID_TR6_2835,2,34,Other,Free State,Grade 10-11,61,5,Yes,2,1
ID_TR6_2836,5,23,Other,Eastern Cape,Matric (Grade 12),37,8,Yes,3,0
ID_TR6_2837,2,22,Other,Free State,None,46,8,No,3,1
ID_TR6_2838,4,24,Female,Gauteng,Matric (Grade 12),25,5,Yes,8,1
ID_TR6_2839,5,42,Male,Gauteng,Matric (Grade 12),20,3,Yes,2,0
ID_TR6_2840,2,37,Male,Western Cape,None,63,5,No,2,1
ID_TR6_2841,2,45,Female,KwaZulu-Natal,Matric (Grade 12),57,4,Yes,8,0
ID_TR6_2842,4,19,Female,Eastern Cape,Matric (Grade 12),45,1,No,2,1
ID_TR6_2843,1,38,Male,Western Cape,None,54,2,No,6,0
ID_TR6_2844,2,34,Male,Mpumalanga,Primary,56,3,Yes,3,0
ID_TR6_2845,1,38,Female,North West,Matric (Grade 12),67,2,No,8,0
ID_TR6_2846,3,40,Other,Gauteng,Grade 10-11,38,5,Yes,6,0
ID_TR6_2847,3,39,Other,KwaZulu-Natal,Tertiary Certificate,28,0,No,4,0
ID_TR6_2848,5,36,Female,Northern Cape,Matric (Grade 12),59,3,Yes,6,1
ID_TR6_2849,5,21,Female,North West,Matric (Grade 12),77,0,Yes,5,1
ID_TR6_2850,5,25,Male,Free State,University Degree,56,8,Yes,6,1
ID_TR6_2851,3,29,Female,Free State,Matric (Grade 12),42,2,Yes,8,0
ID_TR6_2852,4,23,Female,Gauteng,Matric (Grade 12),43,6,No,8,0
ID_TR6_2853,3,23,Female,KwaZulu-Natal,Primary,44,3,No,1,0
ID_TR6_2854,4,24,Other,Western Cape,Primary,65,7,Yes,3,0
ID_TR6_2855,1,42,Female,Western Cape,Primary,19,3,Yes,3,0
ID_TR6_2856,3,20,Male,Free State,None,33,2,No,8,0
ID_TR6_2857,1,34,Male,Eastern Cape,Tertiary Certificate,63,8,Yes,5,0
ID_TR6_2858,4,20,Male,Northern Cape,Tertiary Certificate,24,2,No,1,0
ID_TR6_2859,4,43,Female,Gauteng,University Degree,74,0,No,7,1
ID_TR6_2860,2,42,Female,Northern Cape,Grade 10-11,49,0,Yes,1,0
ID_TR6_2861,3,45,Female,Free State,Primary,66,3,Yes,5,1
ID_TR6_2862,3,35,Female,Eastern Cape,Matric (Grade 12),37,6,Yes,5,1
ID_TR6_2863,1,37,Male,Limpopo,Grade 10-11,72,3,No,1,1
ID_TR6_2864,2,19,Female,Mpumalanga,Tertiary Certificate,44,0,No,5,0
ID_TR6_2865,2,18,Male,North West,Primary,39,0,Yes,5,0
ID_TR6_2866,4,24,Female,Western Cape,Tertiary Certificate,53,3,Yes,3,1
ID_TR6_2867,4,27,Male,Northern Cape,University Degree,50,4,Yes,4,1
ID_TR6_2868,3,43,Male,Northern Cape,University Degree,41,4,Yes,2,1
ID_TR6_2869,5,45,Other,Eastern Cape,Primary,18,4,Yes,2,0
ID_TR6_2870,3,25,Female,Western Cape,Tertiary Certificate,38,8,Yes,4,1
ID_TR6_2871,3,32,Male,North West,Matric (Grade 12),72,7,Yes,7,0
ID_TR6_2872,2,42,Other,Gauteng,Matric (Grade 12),56,1,Yes,6,0
ID_TR6_2873,1,43,Other,Western Cape,None,25,3,Yes,7,0
ID_TR6_2874,4,36,Female,Limpopo,Grade 10-11,52,0,No,4,0
ID_TR6_2875,2,38,Female,Northern Cape,University Degree,69,7,No,7,0
ID_TR6_2876,1,27,Female,Western Cape,None,43,1,Yes,4,1
ID_TR6_2877,1,24,Female,Limpopo,Primary,55,6,Yes,2,0
ID_TR6_2878,2,25,Other,North West,Matric (Grade 12),71,8,Yes,5,0
ID_TR6_2879,4,28,Male,Western Cape,None,37,1,Yes,6,0
ID_TR6_2880,4,29,Female,Free State,Tertiary Certificate,35,2,Yes,6,0
ID_TR6_2881,5,31,Male,Free State,Matric (Grade 12),45,4,Yes,6,0
ID_TR6_2882,3,28,Female,Gauteng,Matric (Grade 12),48,5,Yes,5,1
ID_TR6_2883,5,29,Male,Northern Cape,Primary,39,2,No,4,0
ID_TR6_2884,2,26,Female,Western Cape,Grade 10-11,28,1,Yes,6,0
ID_TR6_2885,5,36,Female,Western Cape,Matric (Grade 12),30,1,Yes,3,0
ID_TR6_2886,2,32,Male,Gauteng,Matric (Grade 12),33,0,No,3,1
ID_TR6_2887,4,42,Female,Limpopo,Matric (Grade 12),32,3,Yes,3,1
ID_TR6_2888,1,30,Female,Eastern Cape,Matric (Grade 12),75,0,Yes,5,0
ID_TR6_2889,3,31,Male,Northern Cape,Grade 10-11,33,0,Yes,2,0
ID_TR6_2890,2,25,Female,Northern Cape,University Degree,94,8,Yes,2,1
ID_TR6_2891,5,26,Male,Western Cape,Primary,79,6,Yes,4,0
ID_TR6_2892,3,42,Male,Eastern Cape,Matric (Grade 12),81,6,No,2,0
ID_TR6_2893,1,26,Female,KwaZulu-Natal,None,73,4,No,6,1
ID_TR6_2894,1,38,Female,Mpumalanga,University Degree,82,8,Yes,2,0
ID_TR6_2895,3,21,Male,Free State,University Degree,97,1,Yes,8,1
ID_TR6_2896,1,37,Female,KwaZulu-Natal,Tertiary Certificate,53,3,Yes,7,0
ID_TR6_2897,1,29,Male,Free State,Grade 10-11,37,7,Yes,3,0
ID_TR6_2898,3,33,Male,Limpopo,Tertiary Certificate,36,0,Yes,7,0
ID_TR6_2899,4,27,Female,Gauteng,Tertiary Certificate,47,1,No,2,1
ID_TR6_2900,4,34,Female,Gauteng,Matric (Grade 12),82,8,Yes,6,0
ID_TR6_2901,3,27,Male,North West,Grade 10-11,47,1,No,8,0
ID_TR6_2902,4,40,Female,Mpumalanga,Matric (Grade 12),67,8,No,2,0
ID_TR6_2903,1,33,Female,Western Cape,Primary,40,7,No,3,0
ID_TR6_2904,2,39,Other,Free State,Matric (Grade 12),85,3,No,4,0
ID_TR6_2905,1,45,Female,Gauteng,Matric (Grade 12),24,7,Yes,7,0
ID_TR6_2906,4,36,Female,Eastern Cape,Primary,83,8,Yes,8,1
ID_TR6_2907,5,39,Male,Northern Cape,Tertiary Certificate,67,2,Yes,7,1
ID_TR6_2908,2,29,Female,Free State,Grade 10-11,50,4,Yes,3,0
ID_TR6_2909,2,33,Other,Western Cape,Primary,39,4,Yes,8,1
ID_TR6_2910,5,25,Female,Gauteng,Primary,34,8,No,3,0
ID_TR6_2911,2,22,Male,North West,Primary,31,0,Yes,6,1
ID_TR6_2912,3,29,Female,Gauteng,None,15,0,Yes,5,0
ID_TR6_2913,4,43,Female,Gauteng,None,31,3,Yes,5,0
ID_TR6_2914,5,37,Other,Free State,Matric (Grade 12),35,4,No,2,0
ID_TR6_2915,2,31,Other,Gauteng,Tertiary Certificate,38,4,No,4,0
ID_TR6_2916,3,24,Female,Western Cape,Grade 10-11,84,6,Yes,5,1
ID_TR6_2917,1,33,Other,Free State,Tertiary Certificate,71,4,Yes,2,1
ID_TR6_2918,3,37,Female,Western Cape,Primary,30,4,Yes,6,1
ID_TR6_2919,3,39,Other,Northern Cape,None,53,5,No,7,0
ID_TR6_2920,4,24,Female,Western Cape,Matric (Grade 12),35,1,Yes,1,1
ID_TR6_2921,5,20,Female,Gauteng,University Degree,46,2,Yes,3,1
ID_TR6_2922,1,20,Female,Mpumalanga,Grade 10-11,82,2,Yes,1,1
ID_TR6_2923,4,43,Male,Western Cape,Matric (Grade 12),78,2,No,1,0
ID_TR6_2924,4,41,Male,Western Cape,Grade 10-11,29,8,No,5,0
ID_TR6_2925,3,33,Female,Limpopo,University Degree,81,5,No,6,1
ID_TR6_2926,3,23,Male,Limpopo,None,18,8,Yes,1,0
ID_TR6_2927,4,20,Male,Limpopo,Matric (Grade 12),47,2,Yes,4,0
ID_TR6_2928,3,22,Female,Gauteng,Grade 10-11,61,1,No,5,1
ID_TR6_2929,2,39,Female,KwaZulu-Natal,Matric (Grade 12),52,5,No,7,0
ID_TR6_2930,4,24,Female,Western Cape,University Degree,84,1,Yes,8,1
ID_TR6_2931,5,41,Female,Western Cape,None,53,8,No,4,0
ID_TR6_2932,2,29,Female,Limpopo,None,14,8,No,4,0
ID_TR6_2933,2,38,Other,Gauteng,None,63,8,Yes,3,0
ID_TR6_2934,1,34,Female,Northern Cape,Matric (Grade 12),69,1,No,7,1
ID_TR6_2935,5,22,Male,Limpopo,Matric (Grade 12),39,5,Yes,1,0
ID_TR6_2936,5,34,Other,Gauteng,Matric (Grade 12),49,2,No,8,0
ID_TR6_2937,4,25,Female,Limpopo,Grade 10-11,65,0,No,5,0
ID_TR6_2938,1,34,Female,Western Cape,Tertiary Certificate,30,6,Yes,6,1
ID_TR6_2939,2,37,Male,North West,Matric (Grade 12),18,8,No,8,0
ID_TR6_2940,4,45,Female,Northern Cape,Tertiary Certificate,40,7,No,3,0
ID_TR6_2941,3,43,Male,Gauteng,None,76,8,Yes,6,1
ID_TR6_2942,3,32,Female,Gauteng,University Degree,94,0,No,7,1
ID_TR6_2943,2,34,Other,North West,None,60,1,No,6,1
ID_TR6_2944,4,40,Male,Western Cape,None,30,7,Yes,4,0
ID_TR6_2945,5,30,Male,Northern Cape,Tertiary Certificate,36,8,No,3,0
ID_TR6_2946,1,37,Male,Western Cape,Matric (Grade 12),15,0,No,4,0
ID_TR6_2947,4,24,Male,Western Cape,Matric (Grade 12),44,4,Yes,4,1
ID_TR6_2948,5,29,Female,Northern Cape,Primary,38,7,Yes,6,0
ID_TR6_2949,1,41,Male,Western Cape,Matric (Grade 12),71,3,Yes,8,1
ID_TR6_2950,4,27,Female,Gauteng,None,49,1,Yes,2,0
ID_TR6_2951,2,43,Female,Northern Cape,None,46,3,No,5,0
ID_TR6_2952,2,26,Female,Eastern Cape,Tertiary Certificate,48,0,Yes,6,1
ID_TR6_2953,5,36,Other,Gauteng,Primary,73,1,Yes,8,1
ID_TR6_2954,3,28,Female,North West,Matric (Grade 12),26,0,Yes,8,1
ID_TR6_2955,4,30,Male,North West,University Degree,58,5,Yes,2,1
ID_TR6_2956,5,32,Other,Eastern Cape,Tertiary Certificate,86,0,Yes,7,1
ID_TR6_2957,2,21,Female,Gauteng,Tertiary Certificate,62,3,Yes,5,1
ID_TR6_2958,1,38,Female,Mpumalanga,Tertiary Certificate,75,4,No,3,1
ID_TR6_2959,5,39,Female,Free State,Matric (Grade 12),58,5,No,4,1
ID_TR6_2960,3,42,Female,Western Cape,Grade 10-11,25,8,Yes,6,0
ID_TR6_2961,2,23,Male,Eastern Cape,Grade 10-11,31,6,Yes,4,0
ID_TR6_2962,3,20,Other,Mpumalanga,Primary,59,2,Yes,7,0
ID_TR6_2963,1,36,Male,Mpumalanga,Matric (Grade 12),29,2,Yes,5,1
ID_TR6_2964,1,22,Male,North West,University Degree,38,5,Yes,7,1
ID_TR6_2965,2,43,Other,Western Cape,Matric (Grade 12),62,3,Yes,3,0
ID_TR6_2966,5,34,Female,Western Cape,University Degree,29,4,No,1,1
ID_TR6_2967,4,25,Male,Western Cape,Primary,49,8,Yes,2,0
ID_TR6_2968,2,28,Female,Mpumalanga,Matric (Grade 12),23,5,Yes,8,0
ID_TR6_2969,1,32,Male,Western Cape,None,61,2,Yes,5,1
ID_TR6_2970,1,26,Male,Mpumalanga,None,24,6,Yes,5,0
ID_TR6_2971,3,34,Male,Eastern Cape,University Degree,40,5,No,3,0
ID_TR6_2972,5,28,Other,Free State,Grade 10-11,26,3,No,6,0
ID_TR6_2973,4,40,Male,Gauteng,Primary,69,0,Yes,6,0
ID_TR6_2974,1,19,Male,KwaZulu-Natal,Matric (Grade 12),20,1,Yes,2,0
ID_TR6_2975,2,40,Female,Limpopo,University Degree,75,6,Yes,7,1
ID_TR6_2976,1,44,Male,Mpumalanga,Tertiary Certificate,31,7,Yes,8,0
ID_TR6_2977,3,18,Other,Western Cape,University Degree,44,0,Yes,8,1
ID_TR6_2978,5,43,Female,Northern Cape,None,16,8,Yes,8,0
ID_TR6_2979,1,24,Female,Gauteng,Primary,23,1,Yes,6,0
ID_TR6_2980,5,24,Female,Gauteng,Primary,65,8,No,5,0
ID_TR6_2981,1,26,Female,KwaZulu-Natal,Matric (Grade 12),35,1,Yes,8,0
ID_TR6_2982,3,18,Male,Western Cape,University Degree,69,0,Yes,1,1
ID_TR6_2983,4,22,Other,Mpumalanga,Primary,66,8,Yes,7,1
ID_TR6_2984,5,21,Other,Eastern Cape,University Degree,44,3,Yes,2,1
ID_TR6_2985,4,24,Male,Western Cape,Primary,35,7,Yes,4,0
ID_TR6_2986,5,38,Female,Gauteng,Tertiary Certificate,49,4,Yes,5,0
ID_TR6_2987,1,23,Male,Limpopo,None,69,5,Yes,1,0
ID_TR6_2988,4,21,Male,Eastern Cape,Tertiary Certificate,71,0,Yes,3,1
ID_TR6_2989,3,38,Male,Mpumalanga,Primary,81,0,No,5,1
ID_TR6_2990,4,28,Female,Mpumalanga,Grade 10-11,76,8,Yes,2,1
ID_TR6_2991,1,27,Male,Gauteng,Tertiary Certificate,27,3,Yes,2,1
ID_TR6_2992,2,27,Male,Western Cape,Matric (Grade 12),41,8,Yes,4,0
ID_TR6_2993,3,44,Other,Northern Cape,Primary,19,4,Yes,4,0
ID_TR6_2994,5,40,Other,North West,Primary,23,8,Yes,6,0
ID_TR6_2995,3,37,Other,Northern Cape,Grade 10-11,48,5,Yes,8,0
ID_TR6_2996,4,39,Female,Northern Cape,None,60,4,No,5,0
ID_TR6_2997,1,34,Male,Mpumalanga,Tertiary Certificate,30,5,Yes,1,0
ID_TR6_2998,4,39,Male,Western Cape,None,37,7,Yes,3,0
ID_TR6_2999,1,20,Male,Eastern Cape,Matric (Grade 12),40,2,Yes,4,0
ID_TR6_3000,2,40,Female,Northern Cape,Matric (Grade 12),84,7,Yes,2,0
ID_TR6_3001,3,43,Female,Gauteng,Matric (Grade 12),54,2,No,8,0
ID_TR6_3002,3,26,Male,Mpumalanga,None,33,3,Yes,2,0
ID_TR6_3003,3,18,Male,Northern Cape,University Degree,43,0,No,8,1
ID_TR6_3004,2,45,Female,Gauteng,Primary,52,7,No,5,0
ID_TR6_3005,4,26,Other,North West,Grade 10-11,82,1,No,4,0
ID_TR6_3006,5,19,Male,Western Cape,Primary,21,1,Yes,4,0
ID_TR6_3007,2,40,Female,North West,Grade 10-11,55,0,No,5,0
ID_TR6_3008,2,20,Female,KwaZulu-Natal,Primary,32,2,Yes,4,0
ID_TR6_3009,4,41,Female,Western Cape,Matric (Grade 12),51,4,Yes,6,0
ID_TR6_3010,2,25,Other,Eastern Cape,Grade 10-11,57,7,Yes,7,0
ID_TR6_3011,2,27,Other,Western Cape,University Degree,46,4,Yes,8,0
ID_TR6_3012,1,43,Male,Gauteng,University Degree,63,7,No,8,0
ID_TR6_3013,1,38,Male,Western Cape,Matric (Grade 12),59,7,Yes,3,0
ID_TR6_3014,5,25,Male,Gauteng,Matric (Grade 12),73,1,No,1,1
ID_TR6_3015,5,36,Other,Mpumalanga,Matric (Grade 12),79,8,Yes,6,0
ID_TR6_3016,2,26,Female,Free State,Matric (Grade 12),41,2,Yes,3,0
ID_TR6_3017,5,26,Male,North West,University Degree,89,1,Yes,2,1
ID_TR6_3018,5,39,Female,Limpopo,University Degree,33,3,No,7,0
ID_TR6_3019,5,20,Other,Mpumalanga,Matric (Grade 12),55,2,Yes,4,0
ID_TR6_3020,5,38,Male,Free State,Primary,66,1,Yes,5,1
ID_TR6_3021,3,42,Female,Northern Cape,Tertiary Certificate,91,7,Yes,2,1
ID_TR6_3022,1,24,Male,Gauteng,Matric (Grade 12),17,3,Yes,6,0
ID_TR6_3023,5,26,Male,Gauteng,Tertiary Certificate,84,4,Yes,7,1
ID_TR6_3024,3,28,Male,Northern Cape,University Degree,69,4,No,2,1
ID_TR6_3025,4,26,Male,Gauteng,Tertiary Certificate,71,8,Yes,3,1
ID_TR6_3026,5,23,Female,Western Cape,Primary,20,2,No,2,0
ID_TR6_3027,3,27,Female,Gauteng,Tertiary Certificate,70,3,Yes,6,1
ID_TR6_3028,1,43,Female,Eastern Cape,Tertiary Certificate,36,3,No,3,0
ID_TR6_3029,3,36,Male,Gauteng,Matric (Grade 12),23,3,Yes,8,0
ID_TR6_3030,4,18,Female,Gauteng,None,37,0,Yes,1,0
ID_TR6_3031,1,25,Female,Gauteng,None,15,8,Yes,4,0
ID_TR6_3032,2,20,Male,Limpopo,Primary,47,2,No,8,0
ID_TR6_3033,5,25,Male,Western Cape,None,15,0,Yes,3,0
ID_TR6_3034,1,24,Female,Western Cape,Grade 10-11,66,5,Yes,7,0
ID_TR6_3035,2,36,Female,Gauteng,Matric (Grade 12),35,5,No,6,0
ID_TR6_3036,3,22,Male,Gauteng,Primary,50,0,Yes,2,1
ID_TR6_3037,5,36,Female,Eastern Cape,Grade 10-11,75,0,Yes,8,0
ID_TR6_3038,4,36,Female,Limpopo,Primary,35,1,No,2,0
ID_TR6_3039,4,40,Male,Gauteng,Matric (Grade 12),15,2,Yes,8,1
ID_TR6_3040,1,42,Male,North West,Grade 10-11,32,3,Yes,8,0
ID_TR6_3041,4,36,Female,Limpopo,None,8,5,Yes,2,0
ID_TR6_3042,1,30,Male,Limpopo,Matric (Grade 12),28,0,Yes,8,0
ID_TR6_3043,1,41,Female,Gauteng,Grade 10-11,56,3,Yes,6,0
ID_TR6_3044,5,43,Female,Northern Cape,Tertiary Certificate,69,1,No,6,0
ID_TR6_3045,4,18,Female,Free State,Grade 10-11,81,0,No,5,1
ID_TR6_3046,5,28,Male,Eastern Cape,Tertiary Certificate,73,6,Yes,7,1
ID_TR6_3047,2,37,Female,Gauteng,Matric (Grade 12),74,0,No,3,1
ID_TR6_3048,2,32,Male,Western Cape,None,30,6,No,3,1
ID_TR6_3049,2,33,Other,KwaZulu-Natal,Grade 10-11,52,7,Yes,4,0
ID_TR6_3050,1,45,Female,North West,Primary,66,3,No,3,0
ID_TR6_3051,1,22,Male,Western Cape,Matric (Grade 12),61,1,No,6,1
ID_TR6_3052,1,28,Male,KwaZulu-Natal,University Degree,32,1,Yes,3,1
ID_TR6_3053,1,26,Other,Limpopo,University Degree,77,2,No,5,1
ID_TR6_3054,4,27,Female,Gauteng,Primary,53,3,Yes,2,1
ID_TR6_3055,5,18,Female,Free State,Matric (Grade 12),71,0,Yes,1,0
ID_TR6_3056,3,25,Male,Gauteng,Primary,60,7,Yes,3,0
ID_TR6_3057,2,25,Female,Gauteng,None,33,1,Yes,3,0
ID_TR6_3058,4,22,Female,Mpumalanga,Grade 10-11,38,6,No,3,0
ID_TR6_3059,1,25,Male,Limpopo,Grade 10-11,29,1,Yes,7,1
ID_TR6_3060,3,36,Male,Free State,Grade 10-11,17,0,Yes,4,0
ID_TR6_3061,2,25,Male,Mpumalanga,Grade 10-11,79,0,Yes,3,1
ID_TR6_3062,2,31,Male,Gauteng,Matric (Grade 12),37,7,Yes,4,0
ID_TR6_3063,4,38,Male,Free State,Matric (Grade 12),68,5,Yes,6,1
ID_TR6_3064,3,35,Other,KwaZulu-Natal,Tertiary Certificate,27,8,Yes,2,0
ID_TR6_3065,3,21,Female,Eastern Cape,Matric (Grade 12),37,3,Yes,1,0
ID_TR6_3066,1,35,Female,Northern Cape,Matric (Grade 12),23,3,Yes,1,0
ID_TR6_3067,2,44,Other,Western Cape,Tertiary Certificate,85,6,Yes,4,1
ID_TR6_3068,2,28,Female,Western Cape,Matric (Grade 12),33,2,Yes,1,1
ID_TR6_3069,1,30,Male,Gauteng,Matric (Grade 12),26,1,Yes,3,0
ID_TR6_3070,2,26,Other,Northern Cape,Grade 10-11,19,5,Yes,1,0
ID_TR6_3071,1,31,Female,North West,Matric (Grade 12),49,0,Yes,5,0
ID_TR6_3072,1,33,Female,KwaZulu-Natal,Tertiary Certificate,43,3,Yes,7,0
ID_TR6_3073,1,30,Female,Mpumalanga,University Degree,74,4,No,1,1
ID_TR6_3074,5,27,Male,Northern Cape,University Degree,32,4,Yes,2,1
ID_TR6_3075,2,20,Other,Northern Cape,Tertiary Certificate,50,2,Yes,2,1
ID_TR6_3076,2,19,Other,KwaZulu-Natal,Tertiary Certificate,93,1,No,3,1
ID_TR6_3077,5,30,Other,Limpopo,University Degree,46,0,No,1,1
ID_TR6_3078,3,41,Male,Eastern Cape,University Degree,39,2,Yes,2,1
ID_TR6_3079,1,30,Female,Northern Cape,University Degree,52,4,Yes,7,1
ID_TR6_3080,1,22,Female,Western Cape,Matric (Grade 12),54,3,Yes,4,1
ID_TR6_3081,1,26,Male,Eastern Cape,Primary,79,2,No,2,0
ID_TR6_3082,1,18,Female,Eastern Cape,University Degree,55,0,Yes,4,1
ID_TR6_3083,4,35,Other,KwaZulu-Natal,Grade 10-11,66,4,No,6,1
ID_TR6_3084,5,22,Female,Western Cape,Tertiary Certificate,60,5,No,3,0
ID_TR6_3085,1,22,Other,Free State,University Degree,66,6,No,2,1
ID_TR6_3086,3,43,Female,Limpopo,Matric (Grade 12),31,3,Yes,1,1
ID_TR6_3087,1,26,Male,North West,Tertiary Certificate,63,3,Yes,8,0
ID_TR6_3088,4,24,Female,Eastern Cape,None,66,7,Yes,5,0
ID_TR6_3089,5,40,Male,Limpopo,Primary,45,7,No,2,0
ID_TR6_3090,3,32,Female,North West,None,34,6,No,7,0
ID_TR6_3091,4,37,Female,Western Cape,University Degree,91,4,Yes,2,1
ID_TR6_3092,1,28,Male,Northern Cape,Grade 10-11,34,2,Yes,5,0
ID_TR6_3093,5,24,Male,Free State,Matric (Grade 12),69,0,Yes,4,1
ID_TR6_3094,3,22,Female,Western Cape,Matric (Grade 12),80,6,No,2,0
ID_TR6_3095,5,23,Other,KwaZulu-Natal,Tertiary Certificate,36,2,No,8,1
ID_TR6_3096,5,21,Male,Limpopo,Matric (Grade 12),70,3,Yes,4,1
ID_TR6_3097,2,40,Female,Western Cape,None,56,5,Yes,2,1
ID_TR6_3098,4,30,Other,Eastern Cape,Primary,69,0,Yes,7,1
ID_TR6_3099,5,41,Female,Western Cape,Matric (Grade 12),40,5,Yes,6,0
ID_TR6_3100,5,23,Female,Northern Cape,Matric (Grade 12),51,6,Yes,7,0
ID_TR6_3101,2,21,Female,Gauteng,University Degree,52,2,Yes,5,0
ID_TR6_3102,4,30,Male,Eastern Cape,University Degree,57,3,No,5,1
ID_TR6_3103,3,40,Female,Gauteng,Primary,49,6,No,3,0
ID_TR6_3104,3,24,Other,KwaZulu-Natal,Matric (Grade 12),53,2,Yes,4,1
ID_TR6_3105,4,19,Male,Free State,Matric (Grade 12),60,1,Yes,2,1
ID_TR6_3106,1,18,Other,Mpumalanga,Matric (Grade 12),46,0,Yes,3,0
ID_TR6_3107,3,29,Female,KwaZulu-Natal,Tertiary Certificate,85,8,Yes,5,0
ID_TR6_3108,4,36,Female,Northern Cape,Matric (Grade 12),19,2,Yes,2,1
ID_TR6_3109,5,35,Male,Western Cape,University Degree,95,3,Yes,5,1
ID_TR6_3110,4,40,Female,Northern Cape,Matric (Grade 12),26,2,Yes,6,1
ID_TR6_3111,4,30,Male,Gauteng,Tertiary Certificate,84,4,No,8,1
ID_TR6_3112,4,27,Female,Gauteng,None,71,5,Yes,7,1
ID_TR6_3113,3,27,Other,KwaZulu-Natal,Primary,25,6,Yes,8,0
ID_TR6_3114,2,29,Male,Limpopo,Matric (Grade 12),17,3,Yes,2,1
ID_TR6_3115,2,34,Female,Free State,Primary,52,8,Yes,2,0
ID_TR6_3116,4,24,Male,Western Cape,Matric (Grade 12),16,4,Yes,7,0
ID_TR6_3117,4,27,Male,KwaZulu-Natal,Tertiary Certificate,58,5,Yes,8,0
ID_TR6_3118,4,32,Female,KwaZulu-Natal,None,63,2,No,6,0
ID_TR6_3119,4,40,Male,Mpumalanga,Grade 10-11,16,6,No,2,0
ID_TR6_3120,4,34,Female,Gauteng,University Degree,89,2,Yes,4,1
ID_TR6_3121,4,38,Female,North West,University Degree,47,6,Yes,6,0
ID_TR6_3122,2,24,Other,Eastern Cape,Matric (Grade 12),56,1,Yes,1,0
ID_TR6_3123,2,30,Male,Free State,Primary,73,2,Yes,8,1
ID_TR6_3124,1,42,Other,Free State,Primary,33,0,Yes,4,1
ID_TR6_3125,3,31,Other,Free State,Primary,83,0,No,6,1
ID_TR6_3126,5,20,Male,North West,Tertiary Certificate,49,2,Yes,3,0
ID_TR6_3127,5,31,Male,Western Cape,Matric (Grade 12),76,8,No,4,1
ID_TR6_3128,4,26,Male,North West,Primary,72,1,No,3,1
ID_TR6_3129,2,26,Male,Limpopo,Tertiary Certificate,90,7,Yes,5,1
ID_TR6_3130,2,30,Male,Mpumalanga,Primary,68,5,Yes,8,1
ID_TR6_3131,5,45,Male,Free State,Matric (Grade 12),67,2,Yes,8,0
ID_TR6_3132,1,42,Other,Limpopo,Grade 10-11,35,1,Yes,7,1
ID_TR6_3133,5,39,Male,Gauteng,Grade 10-11,28,4,Yes,1,0
ID_TR6_3134,4,40,Male,Eastern Cape,University Degree,91,8,Yes,5,0
ID_TR6_3135,2,36,Male,Free State,Matric (Grade 12),29,7,No,2,0
ID_TR6_3136,5,34,Male,Eastern Cape,Matric (Grade 12),28,0,No,1,0
ID_TR6_3137,5,40,Male,Western Cape,Matric (Grade 12),61,3,Yes,4,0
ID_TR6_3138,1,32,Other,Western Cape,Matric (Grade 12),84,6,Yes,8,1
ID_TR6_3139,5,40,Other,Mpumalanga,None,31,1,No,1,0
ID_TR6_3140,1,44,Male,Limpopo,Matric (Grade 12),17,6,Yes,1,0
ID_TR6_3141,1,31,Male,Eastern Cape,University Degree,61,2,No,3,1
ID_TR6_3142,1,18,Other,Mpumalanga,Matric (Grade 12),44,0,No,4,1
ID_TR6_3143,4,19,Female,KwaZulu-Natal,Primary,28,0,Yes,1,0
ID_TR6_3144,3,30,Female,Northern Cape,Tertiary Certificate,88,2,Yes,7,1
ID_TR6_3145,4,23,Other,Western Cape,None,56,5,Yes,4,1
ID_TR6_3146,2,31,Male,Gauteng,Grade 10-11,75,1,No,8,1
ID_TR6_3147,2,39,Female,Limpopo,Primary,47,5,No,5,0
ID_TR6_3148,5,42,Other,North West,University Degree,67,0,Yes,5,1
ID_TR6_3149,1,23,Female,Limpopo,None,62,5,No,6,0
ID_TR6_3150,4,19,Female,Mpumalanga,Tertiary Certificate,76,1,Yes,7,1
ID_TR6_3151,4,40,Female,North West,Grade 10-11,28,3,Yes,4,1
ID_TR6_3152,3,32,Female,Gauteng,University Degree,32,4,Yes,7,1
ID_TR6_3153,1,19,Female,Western Cape,University Degree,44,1,Yes,4,1
ID_TR6_3154,1,24,Male,Free State,Grade 10-11,41,7,Yes,7,0
ID_TR6_3155,1,41,Male,KwaZulu-Natal,None,29,6,Yes,8,0
ID_TR6_3156,3,30,Male,Free State,Primary,82,6,Yes,2,1
ID_TR6_3157,1,42,Male,Eastern Cape,Matric (Grade 12),61,4,Yes,1,0
ID_TR6_3158,2,35,Other,Western Cape,University Degree,64,8,No,4,0
ID_TR6_3159,2,27,Male,Eastern Cape,None,30,8,No,5,0
ID_TR6_3160,4,35,Female,Gauteng,Grade 10-11,81,8,Yes,5,0
ID_TR6_3161,4,32,Other,Western Cape,Matric (Grade 12),50,3,No,3,0
ID_TR6_3162,1,45,Male,Free State,Matric (Grade 12),45,4,Yes,5,0
ID_TR6_3163,1,28,Other,North West,Tertiary Certificate,43,0,Yes,4,1
ID_TR6_3164,4,32,Male,Limpopo,Matric (Grade 12),79,2,Yes,4,1
ID_TR6_3165,3,25,Male,Gauteng,None,49,5,No,1,0
ID_TR6_3166,3,45,Male,Limpopo,University Degree,76,4,Yes,3,1
ID_TR6_3167,5,21,Male,Free State,None,13,2,Yes,8,0
ID_TR6_3168,2,27,Female,Gauteng,Matric (Grade 12),84,5,No,5,1
ID_TR6_3169,4,34,Female,Mpumalanga,Primary,78,4,Yes,3,0
ID_TR6_3170,1,39,Male,Free State,Primary,21,4,Yes,4,1
ID_TR6_3171,3,45,Female,Mpumalanga,Tertiary Certificate,37,7,Yes,4,1
ID_TR6_3172,3,24,Female,Northern Cape,Matric (Grade 12),18,1,Yes,8,0
ID_TR6_3173,2,35,Male,Gauteng,Grade 10-11,63,6,No,1,0
ID_TR6_3174,4,18,Female,Western Cape,Tertiary Certificate,25,0,Yes,6,0
ID_TR6_3175,2,44,Female,Gauteng,Matric (Grade 12),75,8,No,1,0
ID_TR6_3176,2,28,Other,Free State,Matric (Grade 12),24,5,Yes,1,0
ID_TR6_3177,5,40,Female,KwaZulu-Natal,Grade 10-11,25,6,Yes,6,0
ID_TR6_3178,3,38,Male,Gauteng,Matric (Grade 12),48,3,Yes,8,1
ID_TR6_3179,4,18,Female,Western Cape,Matric (Grade 12),29,0,Yes,1,0
ID_TR6_3180,3,35,Other,Western Cape,Matric (Grade 12),53,7,No,2,0
ID_TR6_3181,5,41,Female,Mpumalanga,None,77,1,Yes,5,0
ID_TR6_3182,5,29,Female,Gauteng,None,7,6,No,7,0
ID_TR6_3183,4,45,Female,Western Cape,Tertiary Certificate,80,0,Yes,3,1
ID_TR6_3184,2,41,Female,North West,Matric (Grade 12),36,0,Yes,6,0
ID_TR6_3185,1,33,Female,Gauteng,None,67,1,No,7,1
ID_TR6_3186,3,28,Female,Western Cape,Grade 10-11,42,4,Yes,3,1
ID_TR6_3187,5,43,Female,Western Cape,None,41,2,Yes,7,0
ID_TR6_3188,1,21,Other,Northern Cape,Matric (Grade 12),57,3,Yes,4,1
ID_TR6_3189,4,29,Other,North West,Matric (Grade 12),50,4,Yes,8,0
ID_TR6_3190,1,30,Female,Western Cape,Primary,71,3,No,7,1
ID_TR6_3191,3,24,Female,Eastern Cape,None,20,3,No,1,0
ID_TR6_3192,2,24,Other,Northern Cape,Grade 10-11,47,6,No,5,0
ID_TR6_3193,1,27,Other,Free State,Matric (Grade 12),81,7,Yes,4,1
ID_TR6_3194,1,37,Male,Western Cape,Primary,21,2,No,4,0
ID_TR6_3195,3,29,Other,Western Cape,University Degree,65,5,No,1,1
ID_TR6_3196,3,18,Other,KwaZulu-Natal,Primary,68,0,Yes,7,0
ID_TR6_3197,1,42,Female,Mpumalanga,Primary,33,1,Yes,3,0
ID_TR6_3198,4,30,Female,Gauteng,Primary,52,6,No,3,0
ID_TR6_3199,4,26,Other,Free State,Grade 10-11,36,2,Yes,6,1
ID_TR6_3200,5,33,Male,Gauteng,Grade 10-11,18,8,No,7,0
ID_TR6_3201,5,18,Other,Eastern Cape,Primary,46,0,Yes,7,1
ID_TR6_3202,1,29,Male,Gauteng,Tertiary Certificate,24,8,No,8,0
ID_TR6_3203,4,29,Other,Mpumalanga,Tertiary Certificate,33,0,No,4,1
ID_TR6_3204,4,18,Male,KwaZulu-Natal,Matric (Grade 12),56,0,Yes,2,1
ID_TR6_3205,3,19,Male,Western Cape,Primary,17,1,Yes,8,0
ID_TR6_3206,5,37,Other,Limpopo,Matric (Grade 12),43,7,Yes,2,0
ID_TR6_3207,5,26,Male,Gauteng,Primary,58,3,Yes,3,0
ID_TR6_3208,4,27,Male,KwaZulu-Natal,None,31,8,Yes,1,0
ID_TR6_3209,4,43,Other,Western Cape,Matric (Grade 12),59,6,No,3,0
ID_TR6_3210,5,34,Other,Free State,University Degree,48,8,Yes,6,1
ID_TR6_3211,1,22,Female,Free State,Primary,40,8,No,6,0
ID_TR6_3212,4,38,Male,North West,None,36,8,Yes,4,0
ID_TR6_3213,2,29,Other,Western Cape,Matric (Grade 12),46,0,No,2,1
ID_TR6_3214,3,42,Male,Western Cape,Grade 10-11,77,4,No,6,1
ID_TR6_3215,4,42,Female,Northern Cape,University Degree,34,6,No,8,1
ID_TR6_3216,2,36,Male,Mpumalanga,University Degree,66,8,Yes,2,0
ID_TR6_3217,5,21,Male,Western Cape,Tertiary Certificate,82,2,Yes,3,1
ID_TR6_3218,3,29,Male,Eastern Cape,None,38,5,No,4,0
ID_TR6_3219,3,23,Female,KwaZulu-Natal,Tertiary Certificate,55,4,No,6,0
ID_TR6_3220,4,31,Female,Mpumalanga,University Degree,84,8,No,1,1
ID_TR6_3221,3,32,Other,Free State,Grade 10-11,32,8,Yes,7,0
ID_TR6_3222,1,32,Female,Western Cape,Matric (Grade 12),71,0,No,5,1
ID_TR6_3223,4,32,Male,Mpumalanga,None,53,5,Yes,8,0
ID_TR6_3224,1,29,Female,Northern Cape,Primary,75,8,No,2,0
ID_TR6_3225,1,43,Male,Eastern Cape,Matric (Grade 12),65,0,Yes,2,1
ID_TR6_3226,5,35,Female,Western Cape,None,0,4,Yes,5,0
ID_TR6_3227,4,39,Male,Gauteng,Matric (Grade 12),32,0,Yes,7,1
ID_TR6_3228,2,38,Female,Mpumalanga,University Degree,63,7,No,5,1
ID_TR6_3229,3,42,Female,Gauteng,Matric (Grade 12),81,2,No,5,0
ID_TR6_3230,2,31,Other,Western Cape,Tertiary Certificate,25,4,No,8,0
ID_TR6_3231,5,26,Male,Free State,University Degree,93,3,Yes,2,1
ID_TR6_3232,1,36,Female,North West,University Degree,37,0,Yes,4,1
ID_TR6_3233,1,26,Male,Mpumalanga,Matric (Grade 12),27,1,Yes,1,0
ID_TR6_3234,3,28,Female,Western Cape,Matric (Grade 12),63,2,Yes,8,0
ID_TR6_3235,3,21,Male,Limpopo,Tertiary Certificate,76,3,Yes,8,1
ID_TR6_3236,1,34,Male,Northern Cape,None,62,7,Yes,8,0
ID_TR6_3237,5,27,Male,Gauteng,Matric (Grade 12),79,0,Yes,6,1
ID_TR6_3238,3,31,Male,Eastern Cape,Tertiary Certificate,79,8,No,7,0
ID_TR6_3239,3,21,Other,Northern Cape,Matric (Grade 12),51,3,Yes,1,0
ID_TR6_3240,4,19,Female,Limpopo,Primary,64,1,Yes,1,1
ID_TR6_3241,4,44,Female,Mpumalanga,Grade 10-11,20,6,No,4,1
ID_TR6_3242,2,24,Female,North West,University Degree,52,7,Yes,8,1
ID_TR6_3243,2,44,Other,Gauteng,Primary,71,4,No,8,1
ID_TR6_3244,2,41,Male,Western Cape,Grade 10-11,33,0,Yes,8,0
ID_TR6_3245,5,26,Male,Western Cape,None,66,6,Yes,1,1
ID_TR6_3246,3,27,Female,KwaZulu-Natal,Primary,71,6,Yes,3,0
ID_TR6_3247,1,23,Other,Mpumalanga,University Degree,76,1,Yes,3,1
ID_TR6_3248,3,41,Male,Limpopo,Tertiary Certificate,62,4,Yes,2,0
ID_TR6_3249,4,40,Female,Limpopo,Tertiary Certificate,25,3,No,7,1
ID_TR6_3250,4,35,Female,North West,None,22,7,Yes,1,0
ID_TR6_3251,4,34,Other,Western Cape,University Degree,69,2,Yes,7,1
ID_TR6_3252,2,41,Female,Western Cape,Primary,59,7,Yes,2,1
ID_TR6_3253,1,20,Other,Gauteng,Primary,21,1,Yes,8,0
ID_TR6_3254,2,26,Male,North West,Tertiary Certificate,49,1,Yes,5,1
ID_TR6_3255,1,18,Male,Free State,Tertiary Certificate,77,0,Yes,6,1
ID_TR6_3256,3,31,Male,KwaZulu-Natal,Primary,38,5,Yes,1,0
ID_TR6_3257,1,21,Male,Gauteng,Primary,50,3,Yes,7,1
ID_TR6_3258,2,44,Female,Free State,Tertiary Certificate,77,0,No,2,1
ID_TR6_3259,5,18,Male,Eastern Cape,None,22,0,No,3,0
ID_TR6_3260,4,19,Female,Free State,Primary,77,1,Yes,5,1
ID_TR6_3261,1,19,Female,Western Cape,Matric (Grade 12),24,1,Yes,8,0
ID_TR6_3262,3,33,Female,KwaZulu-Natal,Primary,84,5,No,1,0
ID_TR6_3263,1,27,Female,Limpopo,Primary,50,0,Yes,1,0
ID_TR6_3264,5,32,Female,Free State,University Degree,71,2,Yes,8,0
ID_TR6_3265,5,31,Male,North West,Tertiary Certificate,87,1,Yes,6,1
ID_TR6_3266,5,33,Female,Northern Cape,Tertiary Certificate,36,7,Yes,8,1
ID_TR6_3267,4,39,Male,Limpopo,Matric (Grade 12),69,5,Yes,7,0
ID_TR6_3268,1,25,Female,North West,Tertiary Certificate,64,5,No,3,0
ID_TR6_3269,4,37,Female,KwaZulu-Natal,Primary,79,8,Yes,5,0
ID_TR6_3270,2,27,Male,Eastern Cape,University Degree,43,0,Yes,4,1
ID_TR6_3271,2,37,Male,Western Cape,Grade 10-11,42,1,Yes,8,0
ID_TR6_3272,1,35,Other,Mpumalanga,University Degree,73,1,Yes,5,1
ID_TR6_3273,1,18,Other,Gauteng,Matric (Grade 12),19,0,Yes,5,0
ID_TR6_3274,2,34,Other,KwaZulu-Natal,Matric (Grade 12),80,6,Yes,8,0
ID_TR6_3275,3,29,Female,Northern Cape,Grade 10-11,80,3,Yes,6,1
ID_TR6_3276,4,25,Female,Western Cape,Grade 10-11,36,4,No,5,0
ID_TR6_3277,1,40,Male,North West,None,49,2,Yes,4,0
ID_TR6_3278,4,33,Other,North West,Matric (Grade 12),16,3,No,1,0
ID_TR6_3279,1,29,Other,Limpopo,Primary,79,8,No,1,0
ID_TR6_3280,1,18,Other,Gauteng,Matric (Grade 12),75,0,Yes,7,1
ID_TR6_3281,3,27,Female,Western Cape,None,12,4,Yes,2,0
ID_TR6_3282,1,36,Female,North West,Matric (Grade 12),58,5,Yes,5,0
ID_TR6_3283,1,42,Male,Western Cape,Grade 10-11,31,1,No,3,1
ID_TR6_3284,5,43,Female,Eastern Cape,University Degree,88,0,No,6,1
ID_TR6_3285,3,24,Male,Gauteng,None,24,0,Yes,7,0
ID_TR6_3286,2,39,Female,Western Cape,Grade 10-11,46,7,Yes,1,0
ID_TR6_3287,3,28,Female,KwaZulu-Natal,Primary,73,7,Yes,7,0
ID_TR6_3288,3,38,Male,North West,Primary,35,2,Yes,4,0
ID_TR6_3289,3,45,Female,North West,University Degree,99,7,No,3,1
ID_TR6_3290,1,22,Male,Free State,Primary,62,6,Yes,1,1
ID_TR6_3291,5,30,Male,Western Cape,Grade 10-11,48,6,No,7,0
ID_TR6_3292,3,32,Male,Northern Cape,Tertiary Certificate,77,1,Yes,8,1
ID_TR6_3293,4,33,Male,North West,Grade 10-11,19,1,Yes,5,0
ID_TR6_3294,4,32,Male,KwaZulu-Natal,None,70,8,Yes,2,0
ID_TR6_3295,5,30,Other,Limpopo,None,3,5,Yes,2,0
ID_TR6_3296,3,20,Male,Gauteng,Grade 10-11,51,0,Yes,3,1
ID_TR6_3297,4,24,Male,Gauteng,Tertiary Certificate,37,5,No,6,0
ID_TR6_3298,4,19,Female,Northern Cape,University Degree,58,0,Yes,1,1
ID_TR6_3299,4,20,Other,Gauteng,Grade 10-11,80,1,No,4,0
ID_TR6_3300,5,21,Female,KwaZulu-Natal,Tertiary Certificate,53,1,Yes,4,1
ID_TR6_3301,5,31,Male,Free State,Matric (Grade 12),36,0,Yes,3,0
ID_TR6_3302,5,31,Female,North West,Matric (Grade 12),27,6,Yes,7,0
ID_TR6_3303,1,24,Male,North West,Grade 10-11,37,0,Yes,2,0
ID_TR6_3304,3,27,Male,Western Cape,Matric (Grade 12),29,6,Yes,5,0
ID_TR6_3305,1,40,Female,Northern Cape,Primary,66,1,Yes,4,1
ID_TR6_3306,3,33,Other,Eastern Cape,Grade 10-11,50,6,Yes,5,0
ID_TR6_3307,4,41,Male,Mpumalanga,Tertiary Certificate,49,1,Yes,2,0
ID_TR6_3308,1,20,Female,Mpumalanga,Tertiary Certificate,41,1,No,2,0
ID_TR6_3309,5,37,Male,Western Cape,Matric (Grade 12),25,5,Yes,7,0
ID_TR6_3310,5,32,Other,Eastern Cape,Tertiary Certificate,88,4,Yes,8,1
ID_TR6_3311,1,19,Other,Limpopo,None,71,1,Yes,2,0
ID_TR6_3312,2,44,Male,Western Cape,Matric (Grade 12),17,5,Yes,4,1
ID_TR6_3313,3,39,Female,Eastern Cape,Primary,31,8,Yes,4,0
ID_TR6_3314,2,42,Male,KwaZulu-Natal,Matric (Grade 12),69,5,Yes,4,0
ID_TR6_3315,1,36,Male,Northern Cape,Grade 10-11,63,6,Yes,7,1
ID_TR6_3316,1,42,Female,Free State,Primary,33,8,Yes,7,0
ID_TR6_3317,5,27,Male,Limpopo,Primary,39,3,No,2,0
ID_TR6_3318,4,23,Other,KwaZulu-Natal,Primary,78,5,Yes,8,1
ID_TR6_3319,2,29,Female,Free State,Matric (Grade 12),48,5,Yes,8,1
ID_TR6_3320,2,44,Other,Eastern Cape,Matric (Grade 12),27,8,Yes,6,0
ID_TR6_3321,4,34,Female,Gauteng,Matric (Grade 12),72,3,No,5,1
ID_TR6_3322,2,18,Other,Western Cape,Primary,79,0,No,8,1
ID_TR6_3323,1,36,Male,Mpumalanga,Primary,28,1,Yes,2,1
ID_TR6_3324,4,25,Female,Western Cape,Grade 10-11,21,2,Yes,4,0
ID_TR6_3325,3,37,Male,Limpopo,None,59,6,Yes,3,1
ID_TR6_3326,5,31,Female,Northern Cape,None,51,2,Yes,2,1
ID_TR6_3327,3,30,Female,North West,Grade 10-11,63,3,Yes,5,0
ID_TR6_3328,4,39,Male,Mpumalanga,Matric (Grade 12),35,4,No,5,0
ID_TR6_3329,1,30,Female,Western Cape,Primary,55,0,No,8,0
ID_TR6_3330,4,30,Other,North West,None,29,2,No,2,0
ID_TR6_3331,5,30,Male,Gauteng,Primary,25,6,Yes,1,0
ID_TR6_3332,5,18,Female,Western Cape,Matric (Grade 12),42,0,Yes,7,1
ID_TR6_3333,1,39,Female,KwaZulu-Natal,Matric (Grade 12),54,6,Yes,7,0
ID_TR6_3334,2,43,Female,Eastern Cape,None,58,0,No,1,0
ID_TR6_3335,1,25,Female,Eastern Cape,University Degree,83,3,Yes,5,1
ID_TR6_3336,2,20,Male,Western Cape,Grade 10-11,72,2,No,6,1
ID_TR6_3337,1,42,Female,Limpopo,Matric (Grade 12),85,2,Yes,7,1
ID_TR6_3338,4,18,Male,Western Cape,Matric (Grade 12),25,0,No,6,0
ID_TR6_3339,1,33,Male,Free State,Tertiary Certificate,44,8,No,2,0
ID_TR6_3340,1,37,Male,Gauteng,Matric (Grade 12),62,8,Yes,1,0
ID_TR6_3341,3,27,Female,Gauteng,Matric (Grade 12),51,1,Yes,8,0
ID_TR6_3342,4,37,Female,Western Cape,Grade 10-11,70,3,No,8,1
ID_TR6_3343,4,41,Male,Northern Cape,Matric (Grade 12),61,7,No,2,0
ID_TR6_3344,3,31,Female,Gauteng,Matric (Grade 12),31,3,Yes,2,1
ID_TR6_3345,5,26,Male,KwaZulu-Natal,None,35,2,Yes,7,0
ID_TR6_3346,4,34,Female,Free State,Tertiary Certificate,89,5,Yes,3,1
ID_TR6_3347,5,25,Male,North West,Grade 10-11,15,1,No,2,0
ID_TR6_3348,5,28,Male,Gauteng,None,74,2,Yes,1,1
ID_TR6_3349,1,25,Female,Free State,University Degree,32,7,No,3,1
ID_TR6_3350,1,31,Female,Gauteng,Matric (Grade 12),31,1,Yes,8,0
ID_TR6_3351,3,43,Male,Limpopo,Matric (Grade 12),62,2,Yes,2,1
ID_TR6_3352,3,42,Male,Gauteng,None,41,4,Yes,3,0
ID_TR6_3353,2,21,Female,Western Cape,Grade 10-11,22,3,Yes,8,0
ID_TR6_3354,3,26,Male,Northern Cape,University Degree,90,7,Yes,4,1
ID_TR6_3355,5,33,Male,KwaZulu-Natal,None,35,6,Yes,7,0
ID_TR6_3356,2,30,Other,Western Cape,Matric (Grade 12),56,4,No,6,1
ID_TR6_3357,4,28,Other,Mpumalanga,Tertiary Certificate,89,3,Yes,8,1
ID_TR6_3358,2,37,Other,North West,Primary,83,8,Yes,4,0
ID_TR6_3359,1,19,Female,North West,Grade 10-11,80,1,No,3,1
ID_TR6_3360,5,44,Male,Western Cape,Matric (Grade 12),55,8,Yes,3,0
ID_TR6_3361,1,27,Female,North West,Primary,35,8,No,5,1
ID_TR6_3362,5,26,Male,Gauteng,Primary,58,8,Yes,2,0
ID_TR6_3363,3,36,Male,Gauteng,University Degree,29,0,Yes,6,0
ID_TR6_3364,3,45,Female,KwaZulu-Natal,Primary,60,8,Yes,8,0
ID_TR6_3365,1,38,Male,Eastern Cape,None,35,7,Yes,5,0
ID_TR6_3366,4,33,Female,Eastern Cape,Primary,34,3,Yes,7,0
ID_TR6_3367,1,31,Female,Mpumalanga,University Degree,64,0,Yes,1,1
ID_TR6_3368,5,20,Other,Free State,None,35,0,Yes,4,1
ID_TR6_3369,4,22,Male,Northern Cape,Grade 10-11,27,8,Yes,8,0
ID_TR6_3370,3,29,Male,KwaZulu-Natal,Tertiary Certificate,80,6,No,5,0
ID_TR6_3371,3,27,Female,Gauteng,Tertiary Certificate,34,6,Yes,5,0
ID_TR6_3372,2,32,Male,Western Cape,University Degree,50,4,Yes,3,0
ID_TR6_3373,1,40,Male,Northern Cape,Matric (Grade 12),73,7,Yes,6,1
ID_TR6_3374,4,24,Female,Northern Cape,Primary,67,2,Yes,3,0
ID_TR6_3375,3,31,Female,Western Cape,Matric (Grade 12),46,5,No,6,0
ID_TR6_3376,4,42,Other,North West,Grade 10-11,62,2,No,5,0
ID_TR6_3377,3,41,Male,Limpopo,Tertiary Certificate,67,5,No,2,0
ID_TR6_3378,4,39,Male,Western Cape,None,76,7,No,6,0
ID_TR6_3379,5,39,Male,Eastern Cape,University Degree,32,5,Yes,7,0
ID_TR6_3380,2,23,Other,Limpopo,Tertiary Certificate,34,0,Yes,7,1
ID_TR6_3381,3,26,Other,North West,Tertiary Certificate,62,8,Yes,4,1
ID_TR6_3382,3,34,Female,Western Cape,Matric (Grade 12),21,2,No,1,0
ID_TR6_3383,3,33,Female,Mpumalanga,None,56,6,Yes,4,0
ID_TR6_3384,1,20,Other,Limpopo,Primary,51,2,Yes,6,1
ID_TR6_3385,5,24,Female,KwaZulu-Natal,Primary,38,1,No,3,0
ID_TR6_3386,2,42,Female,Eastern Cape,Grade 10-11,61,2,Yes,7,0
ID_TR6_3387,1,33,Male,Western Cape,Matric (Grade 12),30,0,Yes,3,1
ID_TR6_3388,4,38,Male,North West,Tertiary Certificate,80,1,Yes,5,1
ID_TR6_3389,2,33,Female,Western Cape,Primary,44,5,Yes,2,0
ID_TR6_3390,2,44,Female,Western Cape,Primary,21,1,Yes,3,0
ID_TR6_3391,3,21,Female,Western Cape,University Degree,28,3,Yes,1,1
ID_TR6_3392,1,26,Female,North West,None,69,1,Yes,6,1
ID_TR6_3393,3,32,Female,Eastern Cape,None,47,8,Yes,7,0
ID_TR6_3394,3,33,Other,North West,Grade 10-11,59,3,Yes,8,1
ID_TR6_3395,5,40,Male,KwaZulu-Natal,University Degree,56,4,No,1,1
ID_TR6_3396,2,21,Female,Northern Cape,None,46,2,Yes,1,1
ID_TR6_3397,4,37,Male,Gauteng,Grade 10-11,78,6,No,4,0
ID_TR6_3398,3,20,Male,Eastern Cape,None,15,2,Yes,8,0
ID_TR6_3399,5,22,Male,Western Cape,Grade 10-11,66,0,Yes,2,1
ID_TR6_3400,5,45,Other,North West,None,29,4,No,3,0
ID_TR6_3401,4,21,Male,Free State,Primary,67,1,No,5,1
ID_TR6_3402,5,33,Female,Free State,Matric (Grade 12),24,1,No,8,0
ID_TR6_3403,5,22,Other,Western Cape,Grade 10-11,39,8,No,8,0
ID_TR6_3404,3,20,Female,North West,Tertiary Certificate,26,2,No,1,0
ID_TR6_3405,1,36,Female,Western Cape,Tertiary Certificate,57,8,Yes,2,0
ID_TR6_3406,5,44,Other,Eastern Cape,Matric (Grade 12),53,1,No,2,1
ID_TR6_3407,1,27,Female,KwaZulu-Natal,University Degree,33,2,Yes,1,1
ID_TR6_3408,5,29,Male,North West,None,45,7,No,3,0
ID_TR6_3409,2,31,Male,Northern Cape,Tertiary Certificate,39,4,Yes,6,1
ID_TR6_3410,1,42,Female,Limpopo,Primary,70,4,Yes,1,1
ID_TR6_3411,2,35,Female,Western Cape,Matric (Grade 12),64,4,Yes,8,1
ID_TR6_3412,4,44,Male,Eastern Cape,Tertiary Certificate,28,2,Yes,2,0
ID_TR6_3413,5,26,Other,Northern Cape,None,49,4,Yes,6,1
ID_TR6_3414,3,37,Other,Western Cape,University Degree,94,0,Yes,4,1
ID_TR6_3415,5,37,Female,Western Cape,Grade 10-11,52,8,No,3,1
ID_TR6_3416,5,31,Female,Eastern Cape,None,5,7,Yes,1,1
ID_TR6_3417,1,37,Male,Free State,Matric (Grade 12),28,7,Yes,3,0
ID_TR6_3418,5,28,Male,Gauteng,Grade 10-11,22,5,Yes,6,0
ID_TR6_3419,2,39,Female,Northern Cape,University Degree,85,0,No,8,1
ID_TR6_3420,3,33,Female,Gauteng,University Degree,83,5,No,1,0
ID_TR6_3421,2,38,Other,Gauteng,Tertiary Certificate,34,7,Yes,3,0
ID_TR6_3422,5,34,Male,Free State,Tertiary Certificate,62,4,Yes,2,0
ID_TR6_3423,2,19,Female,Western Cape,University Degree,33,1,Yes,3,0
ID_TR6_3424,2,22,Male,KwaZulu-Natal,Matric (Grade 12),43,2,Yes,3,0
ID_TR6_3425,4,33,Female,Mpumalanga,Grade 10-11,56,3,Yes,2,1
ID_TR6_3426,3,31,Female,Eastern Cape,Matric (Grade 12),30,8,Yes,7,1
ID_TR6_3427,1,31,Female,Northern Cape,Matric (Grade 12),29,3,Yes,6,0
ID_TR6_3428,5,42,Female,Mpumalanga,Tertiary Certificate,68,0,Yes,2,1
ID_TR6_3429,2,25,Female,North West,Primary,65,5,No,2,0
ID_TR6_3430,3,18,Female,Western Cape,Grade 10-11,52,0,No,6,0
ID_TR6_3431,5,38,Male,Western Cape,None,65,4,Yes,8,1
ID_TR6_3432,2,43,Male,Western Cape,Grade 10-11,41,1,Yes,6,0
ID_TR6_3433,5,33,Male,Gauteng,Matric (Grade 12),44,4,No,3,1
ID_TR6_3434,5,36,Female,Limpopo,Matric (Grade 12),53,2,No,1,1
ID_TR6_3435,3,39,Male,Mpumalanga,Primary,45,1,No,6,0
ID_TR6_3436,2,33,Male,Eastern Cape,Grade 10-11,30,3,Yes,5,1
ID_TR6_3437,1,31,Female,North West,University Degree,41,5,No,8,0
ID_TR6_3438,2,35,Male,Northern Cape,University Degree,77,0,Yes,1,1
ID_TR6_3439,2,38,Female,Western Cape,None,5,6,Yes,5,1
ID_TR6_3440,2,27,Male,North West,University Degree,45,5,No,8,1
ID_TR6_3441,4,22,Male,Free State,Tertiary Certificate,27,5,Yes,7,0
ID_TR6_3442,5,21,Female,Eastern Cape,Matric (Grade 12),48,3,Yes,2,0
ID_TR6_3443,1,18,Male,Western Cape,Primary,52,0,No,2,1
ID_TR6_3444,4,18,Female,Free State,Tertiary Certificate,61,0,Yes,2,1
ID_TR6_3445,1,22,Other,North West,Primary,46,7,Yes,8,0
ID_TR6_3446,3,24,Female,Western Cape,University Degree,35,2,Yes,5,1
ID_TR6_3447,3,27,Male,Northern Cape,University Degree,31,2,Yes,4,1
ID_TR6_3448,5,28,Female,Free State,Primary,36,6,No,3,0
ID_TR6_3449,5,25,Other,Limpopo,Matric (Grade 12),16,6,Yes,2,0
ID_TR6_3450,2,18,Male,KwaZulu-Natal,Matric (Grade 12),27,0,Yes,7,1
ID_TR6_3451,3,20,Female,Western Cape,Grade 10-11,35,0,Yes,8,0
ID_TR6_3452,1,25,Male,Mpumalanga,Grade 10-11,81,6,No,3,1
ID_TR6_3453,5,41,Male,Limpopo,Primary,38,4,Yes,8,0
ID_TR6_3454,4,21,Male,Gauteng,None,53,3,No,2,0
ID_TR6_3455,5,29,Other,KwaZulu-Natal,Primary,72,6,Yes,6,1
ID_TR6_3456,5,27,Female,Mpumalanga,University Degree,65,6,Yes,2,1
ID_TR6_3457,4,22,Other,North West,Grade 10-11,70,5,Yes,3,0
ID_TR6_3458,3,42,Female,Gauteng,Primary,59,4,No,5,0
ID_TR6_3459,2,41,Female,Limpopo,Matric (Grade 12),51,2,No,1,1
ID_TR6_3460,3,34,Female,North West,Matric (Grade 12),63,8,Yes,5,1
ID_TR6_3461,5,35,Other,Northern Cape,None,64,0,Yes,6,0
ID_TR6_3462,4,22,Other,Gauteng,Matric (Grade 12),23,3,No,4,0
ID_TR6_3463,4,35,Female,Gauteng,Grade 10-11,42,6,No,4,0
ID_TR6_3464,4,19,Male,Mpumalanga,None,50,1,No,2,0
ID_TR6_3465,4,18,Female,Limpopo,Matric (Grade 12),34,0,No,3,0
ID_TR6_3466,3,22,Other,Gauteng,None,58,6,No,8,0
ID_TR6_3467,3,20,Female,North West,University Degree,71,1,No,4,1
ID_TR6_3468,4,22,Other,North West,Matric (Grade 12),82,6,No,7,0
ID_TR6_3469,2,33,Female,North West,Matric (Grade 12),33,0,Yes,5,1
ID_TR6_3470,4,43,Male,Free State,None,55,7,Yes,4,1
ID_TR6_3471,2,22,Male,North West,Matric (Grade 12),66,8,Yes,5,0
ID_TR6_3472,2,36,Other,Gauteng,Grade 10-11,49,8,No,2,0
ID_TR6_3473,5,19,Female,North West,Matric (Grade 12),26,1,Yes,1,0
ID_TR6_3474,3,20,Other,Limpopo,None,24,2,No,4,0
ID_TR6_3475,5,28,Other,Mpumalanga,Matric (Grade 12),22,1,Yes,5,1
ID_TR6_3476,3,36,Female,Free State,Tertiary Certificate,80,0,No,3,1
ID_TR6_3477,4,22,Female,KwaZulu-Natal,Primary,68,5,Yes,3,0
ID_TR6_3478,2,22,Male,Free State,Matric (Grade 12),65,0,Yes,6,1
ID_TR6_3479,5,18,Male,Free State,Matric (Grade 12),34,0,No,6,1
ID_TR6_3480,5,43,Other,Gauteng,Primary,76,1,Yes,5,1
ID_TR6_3481,1,24,Female,Western Cape,Matric (Grade 12),29,6,Yes,6,0
ID_TR6_3482,2,32,Other,Western Cape,Matric (Grade 12),69,0,Yes,6,1
ID_TR6_3483,5,22,Female,Eastern Cape,Tertiary Certificate,30,1,No,4,0
ID_TR6_3484,5,40,Female,Free State,Matric (Grade 12),26,6,Yes,5,0
ID_TR6_3485,3,26,Other,Western Cape,Grade 10-11,71,8,Yes,8,0
ID_TR6_3486,4,42,Male,Western Cape,Grade 10-11,74,1,Yes,5,1
ID_TR6_3487,4,24,Female,Eastern Cape,University Degree,68,8,Yes,1,0
ID_TR6_3488,5,30,Male,Western Cape,Primary,49,0,No,2,1
ID_TR6_3489,5,31,Female,Western Cape,Matric (Grade 12),63,3,Yes,3,0
ID_TR6_3490,1,34,Female,Eastern Cape,University Degree,92,8,Yes,3,1
ID_TR6_3491,3,39,Female,Free State,University Degree,86,2,Yes,3,1
ID_TR6_3492,5,32,Other,Free State,None,15,3,No,1,0
ID_TR6_3493,2,31,Other,Free State,Tertiary Certificate,75,5,Yes,4,1
ID_TR6_3494,5,28,Female,North West,None,47,5,Yes,2,0
ID_TR6_3495,2,23,Female,Mpumalanga,Primary,36,0,Yes,4,0
ID_TR6_3496,3,24,Male,Eastern Cape,Matric (Grade 12),83,4,No,2,1
ID_TR6_3497,1,35,Male,Mpumalanga,Primary,37,2,Yes,1,0
ID_TR6_3498,2,29,Other,Gauteng,None,47,4,Yes,1,0
ID_TR6_3499,3,44,Male,Western Cape,Matric (Grade 12),26,0,Yes,8,0
ID_TR6_3500,4,38,Male,Gauteng,Primary,51,5,Yes,2,0
ID_TR6_3501,4,42,Female,Limpopo,Primary,59,6,Yes,5,0
ID_TR6_3502,2,42,Male,Mpumalanga,Tertiary Certificate,67,5,No,1,1
ID_TR6_3503,2,18,Female,Eastern Cape,Matric (Grade 12),27,0,No,4,1
ID_TR6_3504,5,21,Female,Western Cape,Tertiary Certificate,44,3,No,4,0
ID_TR6_3505,1,35,Other,Mpumalanga,Matric (Grade 12),34,8,Yes,6,0
ID_TR6_3506,2,29,Male,Gauteng,Tertiary Certificate,51,8,Yes,5,1
ID_TR6_3507,4,30,Male,Northern Cape,University Degree,47,7,Yes,4,1
ID_TR6_3508,5,43,Male,Western Cape,Tertiary Certificate,63,7,Yes,3,0
ID_TR6_3509,3,29,Male,KwaZulu-Natal,Matric (Grade 12),57,3,Yes,3,1
ID_TR6_3510,3,43,Female,Gauteng,Tertiary Certificate,46,2,Yes,2,0
ID_TR6_3511,4,45,Female,Limpopo,Primary,58,2,Yes,6,0
ID_TR6_3512,2,33,Male,Northern Cape,None,50,6,No,4,0
ID_TR6_3513,2,34,Female,North West,University Degree,35,7,No,8,0
ID_TR6_3514,1,21,Female,Northern Cape,None,46,0,Yes,1,0
ID_TR6_3515,5,23,Female,Gauteng,Matric (Grade 12),44,1,No,1,0
ID_TR6_3516,1,29,Male,Gauteng,University Degree,41,1,Yes,6,1
ID_TR6_3517,5,41,Other,Eastern Cape,None,6,7,Yes,5,0
ID_TR6_3518,5,31,Female,Gauteng,Matric (Grade 12),36,3,No,8,1
ID_TR6_3519,2,31,Female,Gauteng,None,45,4,No,5,0
ID_TR6_3520,4,21,Other,Northern Cape,Matric (Grade 12),21,3,Yes,7,0
ID_TR6_3521,1,19,Female,Mpumalanga,Matric (Grade 12),15,0,Yes,8,1
ID_TR6_3522,1,37,Male,Free State,Primary,76,8,Yes,3,0
ID_TR6_3523,3,31,Male,Limpopo,Grade 10-11,50,2,Yes,1,1
ID_TR6_3524,5,23,Female,Western Cape,Tertiary Certificate,34,3,Yes,2,0
ID_TR6_3525,5,18,Female,KwaZulu-Natal,Matric (Grade 12),41,0,Yes,2,1
ID_TR6_3526,3,33,Female,Limpopo,Grade 10-11,64,8,Yes,7,0
ID_TR6_3527,4,45,Male,Gauteng,University Degree,61,8,Yes,8,1
ID_TR6_3528,1,33,Female,Northern Cape,Grade 10-11,58,2,Yes,5,1
ID_TR6_3529,5,44,Female,Gauteng,None,10,8,Yes,6,0
ID_TR6_3530,1,29,Male,Western Cape,None,58,6,No,4,0
ID_TR6_3531,5,44,Male,Eastern Cape,Matric (Grade 12),15,2,Yes,4,0
ID_TR6_3532,2,41,Male,Eastern Cape,None,9,1,No,3,1
ID_TR6_3533,3,44,Male,Northern Cape,Matric (Grade 12),42,8,Yes,8,0
ID_TR6_3534,1,33,Other,Western Cape,None,28,1,No,8,1
ID_TR6_3535,2,44,Female,Mpumalanga,University Degree,79,4,Yes,5,1
ID_TR6_3536,2,37,Female,Western Cape,None,72,3,Yes,5,1
ID_TR6_3537,4,25,Female,Northern Cape,Matric (Grade 12),52,8,Yes,7,0
ID_TR6_3538,5,27,Female,Limpopo,None,9,6,Yes,8,0
ID_TR6_3539,3,28,Male,Free State,Matric (Grade 12),50,6,Yes,2,1
ID_TR6_3540,5,35,Female,Limpopo,Tertiary Certificate,85,3,No,3,1
ID_TR6_3541,2,30,Male,Mpumalanga,Grade 10-11,66,0,No,7,0
ID_TR6_3542,2,39,Other,Gauteng,Primary,37,2,Yes,3,0
ID_TR6_3543,5,19,Male,Mpumalanga,Grade 10-11,20,1,Yes,6,0
ID_TR6_3544,4,40,Male,Eastern Cape,Matric (Grade 12),32,4,No,8,0
ID_TR6_3545,2,34,Female,Gauteng,Matric (Grade 12),79,2,Yes,3,1
ID_TR6_3546,4,24,Female,Western Cape,Primary,48,1,No,6,0
ID_TR6_3547,4,33,Male,Western Cape,Grade 10-11,37,6,No,2,0
ID_TR6_3548,5,37,Female,KwaZulu-Natal,Matric (Grade 12),39,7,Yes,6,0
ID_TR6_3549,3,30,Female,Western Cape,Grade 10-11,33,2,Yes,2,0
ID_TR6_3550,5,21,Male,North West,Matric (Grade 12),85,3,Yes,2,0
ID_TR6_3551,1,44,Male,Northern Cape,Matric (Grade 12),82,1,No,8,1
ID_TR6_3552,5,41,Male,Gauteng,Grade 10-11,24,1,Yes,2,0
ID_TR6_3553,4,45,Female,Eastern Cape,Primary,43,3,Yes,8,0
ID_TR6_3554,3,42,Other,Mpumalanga,University Degree,80,0,Yes,7,1
ID_TR6_3555,1,44,Female,Mpumalanga,Primary,82,6,Yes,4,0
ID_TR6_3556,3,43,Female,Northern Cape,Matric (Grade 12),74,0,Yes,2,1
ID_TR6_3557,3,37,Female,Northern Cape,None,46,2,No,7,0
ID_TR6_3558,5,43,Female,North West,Matric (Grade 12),39,7,Yes,5,0
ID_TR6_3559,1,33,Other,Gauteng,Tertiary Certificate,69,0,Yes,3,1
ID_TR6_3560,1,28,Female,Free State,Matric (Grade 12),26,8,Yes,2,0
ID_TR6_3561,1,43,Female,Free State,University Degree,63,3,Yes,1,1
ID_TR6_3562,2,41,Female,Northern Cape,None,63,6,Yes,4,0
ID_TR6_3563,1,18,Female,Mpumalanga,None,63,0,Yes,3,1
ID_TR6_3564,5,35,Male,Western Cape,None,57,7,No,1,0
ID_TR6_3565,5,43,Male,Eastern Cape,Primary,75,4,Yes,5,0
ID_TR6_3566,1,39,Male,Free State,Grade 10-11,37,4,Yes,7,0
ID_TR6_3567,2,30,Male,Western Cape,Matric (Grade 12),16,1,Yes,1,0
ID_TR6_3568,4,42,Male,Western Cape,Primary,72,2,Yes,3,0
ID_TR6_3569,1,34,Male,Northern Cape,Matric (Grade 12),18,4,Yes,7,0
ID_TR6_3570,5,43,Male,Free State,Matric (Grade 12),44,5,Yes,6,0
ID_TR6_3571,5,23,Female,Eastern Cape,Matric (Grade 12),43,2,Yes,8,1
ID_TR6_3572,1,42,Female,KwaZulu-Natal,Matric (Grade 12),24,7,Yes,3,0
ID_TR6_3573,3,30,Male,Mpumalanga,University Degree,61,7,No,4,0
ID_TR6_3574,5,23,Other,Western Cape,Matric (Grade 12),66,7,Yes,3,0
ID_TR6_3575,5,33,Male,Limpopo,Matric (Grade 12),47,2,No,6,0
ID_TR6_3576,2,23,Other,Gauteng,Primary,57,4,Yes,5,0
ID_TR6_3577,5,41,Male,Gauteng,Matric (Grade 12),19,8,Yes,4,0
ID_TR6_3578,1,30,Male,North West,University Degree,75,0,Yes,6,1
ID_TR6_3579,3,18,Male,Northern Cape,University Degree,63,0,No,1,1
ID_TR6_3580,5,38,Female,Western Cape,Primary,17,1,Yes,3,0
ID_TR6_3581,1,21,Female,Free State,Tertiary Certificate,64,3,Yes,4,0
ID_TR6_3582,5,22,Male,Free State,Matric (Grade 12),34,7,Yes,1,0
ID_TR6_3583,1,18,Female,Eastern Cape,Tertiary Certificate,43,0,Yes,3,0
ID_TR6_3584,2,41,Male,Northern Cape,None,63,2,Yes,3,0
ID_TR6_3585,4,20,Other,Mpumalanga,None,77,2,Yes,1,1
ID_TR6_3586,5,35,Female,Eastern Cape,Tertiary Certificate,24,5,Yes,7,0
ID_TR6_3587,2,42,Female,Free State,Primary,62,1,Yes,5,1
ID_TR6_3588,2,32,Male,Mpumalanga,Matric (Grade 12),62,5,Yes,4,1
ID_TR6_3589,2,24,Other,Northern Cape,None,53,0,Yes,6,1
ID_TR6_3590,2,32,Male,North West,Grade 10-11,34,6,Yes,2,0
ID_TR6_3591,5,29,Female,Limpopo,None,61,2,No,1,0
ID_TR6_3592,1,39,Other,Free State,Tertiary Certificate,85,0,Yes,5,1
ID_TR6_3593,2,25,Other,Gauteng,Primary,46,8,No,7,0
ID_TR6_3594,4,44,Other,North West,University Degree,93,3,Yes,3,1
ID_TR6_3595,2,33,Male,Mpumalanga,University Degree,62,6,Yes,8,1
ID_TR6_3596,1,29,Other,Western Cape,Primary,31,2,Yes,4,0
ID_TR6_3597,5,26,Female,Gauteng,Tertiary Certificate,37,4,Yes,5,0
ID_TR6_3598,2,18,Female,Gauteng,None,3,0,Yes,2,0
ID_TR6_3599,5,44,Male,Gauteng,Primary,75,0,No,4,1
ID_TR6_3600,4,37,Female,Free State,Tertiary Certificate,68,4,No,6,1
ID_TR6_3601,4,23,Other,Western Cape,University Degree,82,3,No,8,1
ID_TR6_3602,5,20,Other,Gauteng,Primary,24,2,Yes,7,0
ID_TR6_3603,5,45,Other,Northern Cape,Primary,34,0,Yes,7,0
ID_TR6_3604,5,28,Female,Free State,None,23,6,Yes,4,0
ID_TR6_3605,1,43,Female,Gauteng,Grade 10-11,80,8,Yes,8,0
ID_TR6_3606,4,28,Male,Northern Cape,University Degree,48,5,No,1,0
ID_TR6_3607,5,26,Female,Gauteng,University Degree,78,3,Yes,5,1
ID_TR6_3608,5,30,Female,KwaZulu-Natal,None,73,0,Yes,5,1
ID_TR6_3609,4,28,Female,Free State,Tertiary Certificate,54,0,Yes,2,1
ID_TR6_3610,5,26,Other,Western Cape,Matric (Grade 12),55,5,Yes,6,0
ID_TR6_3611,3,43,Male,Northern Cape,Primary,47,0,Yes,1,1
ID_TR6_3612,4,38,Male,North West,Matric (Grade 12),48,4,Yes,7,0
ID_TR6_3613,1,30,Female,Mpumalanga,Matric (Grade 12),75,7,Yes,4,1
ID_TR6_3614,2,25,Female,KwaZulu-Natal,Matric (Grade 12),34,0,Yes,1,1
ID_TR6_3615,2,44,Female,Limpopo,Tertiary Certificate,82,3,Yes,8,1
ID_TR6_3616,2,34,Male,Gauteng,None,18,0,No,2,0
ID_TR6_3617,5,24,Male,Limpopo,None,19,4,Yes,3,0
ID_TR6_3618,4,36,Female,Western Cape,Matric (Grade 12),57,3,Yes,8,0
ID_TR6_3619,4,33,Female,North West,Tertiary Certificate,29,8,No,5,0
ID_TR6_3620,4,32,Male,Northern Cape,None,46,7,Yes,4,1
ID_TR6_3621,4,30,Male,Free State,Tertiary Certificate,33,8,Yes,4,1
ID_TR6_3622,4,30,Female,Gauteng,None,44,8,Yes,2,0
ID_TR6_3623,3,41,Other,Western Cape,None,14,5,Yes,6,0
ID_TR6_3624,4,33,Female,Limpopo,Matric (Grade 12),38,7,Yes,7,0
ID_TR6_3625,1,34,Female,KwaZulu-Natal,None,23,3,Yes,1,0
ID_TR6_3626,2,38,Other,Mpumalanga,None,71,0,Yes,4,1
ID_TR6_3627,4,36,Male,Gauteng,Primary,72,0,Yes,1,0
ID_TR6_3628,5,35,Female,Eastern Cape,None,33,2,Yes,3,0
ID_TR6_3629,4,38,Male,North West,University Degree,75,0,Yes,7,1
ID_TR6_3630,3,30,Other,Northern Cape,None,17,1,Yes,5,0
ID_TR6_3631,3,35,Other,Free State,Matric (Grade 12),66,4,Yes,7,1
ID_TR6_3632,4,20,Male,Gauteng,Matric (Grade 12),72,2,Yes,3,0
ID_TR6_3633,1,24,Male,Western Cape,Primary,76,5,Yes,1,1
ID_TR6_3634,4,30,Other,Western Cape,Primary,69,4,Yes,2,1
ID_TR6_3635,4,25,Male,Free State,Grade 10-11,17,0,No,8,0
ID_TR6_3636,5,39,Male,North West,Primary,23,7,No,7,0
ID_TR6_3637,3,21,Male,Free State,Matric (Grade 12),79,0,Yes,5,1
ID_TR6_3638,4,27,Male,Limpopo,Matric (Grade 12),36,3,No,1,0
ID_TR6_3639,2,34,Other,Mpumalanga,None,38,6,Yes,7,0
ID_TR6_3640,3,42,Female,Gauteng,Matric (Grade 12),22,4,No,5,0
ID_TR6_3641,5,22,Other,Western Cape,University Degree,59,7,Yes,3,1
ID_TR6_3642,4,18,Other,Northern Cape,Matric (Grade 12),82,0,Yes,4,1
ID_TR6_3643,5,20,Female,Limpopo,Primary,75,2,Yes,3,0
ID_TR6_3644,2,27,Female,Eastern Cape,Grade 10-11,70,0,Yes,8,1
ID_TR6_3645,4,33,Female,Eastern Cape,Primary,63,1,Yes,7,1
ID_TR6_3646,1,44,Female,North West,Matric (Grade 12),25,2,No,6,1
ID_TR6_3647,3,21,Female,KwaZulu-Natal,Matric (Grade 12),66,3,No,2,1
ID_TR6_3648,5,21,Female,Limpopo,Tertiary Certificate,83,3,Yes,6,1
ID_TR6_3649,2,40,Male,Northern Cape,University Degree,30,4,No,5,1
ID_TR6_3650,1,33,Female,Western Cape,Matric (Grade 12),31,5,Yes,1,0
ID_TR6_3651,1,36,Female,Gauteng,Tertiary Certificate,46,8,No,8,0
ID_TR6_3652,2,27,Male,Free State,Tertiary Certificate,54,3,No,3,1
ID_TR6_3653,4,32,Female,KwaZulu-Natal,Tertiary Certificate,67,1,No,7,1
ID_TR6_3654,1,40,Female,Gauteng,None,76,6,No,7,0
ID_TR6_3655,3,38,Male,Western Cape,University Degree,39,7,Yes,7,1
ID_TR6_3656,5,37,Female,Western Cape,University Degree,92,0,Yes,8,1
ID_TR6_3657,3,23,Male,North West,None,47,0,Yes,6,1
ID_TR6_3658,3,35,Female,Eastern Cape,Tertiary Certificate,83,2,No,1,1
ID_TR6_3659,3,31,Female,Gauteng,Matric (Grade 12),17,7,Yes,7,0
ID_TR6_3660,1,31,Female,Western Cape,Matric (Grade 12),38,0,Yes,8,1
ID_TR6_3661,5,29,Other,Western Cape,None,49,8,No,8,0
ID_TR6_3662,5,44,Female,Mpumalanga,University Degree,32,1,No,6,1
ID_TR6_3663,1,29,Male,Gauteng,University Degree,33,0,Yes,6,1
ID_TR6_3664,2,20,Female,Mpumalanga,None,22,0,No,6,0
ID_TR6_3665,2,31,Female,Western Cape,Grade 10-11,29,3,Yes,6,0
ID_TR6_3666,4,33,Male,Free State,Primary,74,7,Yes,7,0
ID_TR6_3667,5,41,Other,Eastern Cape,Primary,32,5,No,2,0
ID_TR6_3668,2,37,Female,KwaZulu-Natal,Grade 10-11,53,1,No,7,0
ID_TR6_3669,5,34,Other,Gauteng,Grade 10-11,20,5,Yes,2,0
ID_TR6_3670,2,24,Other,Western Cape,Primary,71,8,Yes,3,1
ID_TR6_3671,1,25,Female,North West,Tertiary Certificate,60,6,Yes,8,0
ID_TR6_3672,2,18,Male,Gauteng,Tertiary Certificate,73,0,No,7,0
ID_TR6_3673,1,34,Female,Northern Cape,Matric (Grade 12),52,7,Yes,8,1
ID_TR6_3674,5,36,Female,Western Cape,None,34,3,Yes,6,0
ID_TR6_3675,2,34,Female,Gauteng,Grade 10-11,51,8,No,8,0
ID_TR6_3676,5,26,Other,Northern Cape,University Degree,49,5,Yes,7,1
ID_TR6_3677,5,45,Male,North West,Grade 10-11,47,5,Yes,3,1
ID_TR6_3678,1,29,Female,Western Cape,University Degree,46,8,Yes,1,1
ID_TR6_3679,5,23,Female,Limpopo,None,71,2,Yes,3,1
ID_TR6_3680,1,41,Other,Free State,University Degree,43,7,Yes,3,0
ID_TR6_3681,1,42,Male,Gauteng,Matric (Grade 12),69,4,Yes,2,0
ID_TR6_3682,1,30,Female,Mpumalanga,Matric (Grade 12),50,1,Yes,4,0
ID_TR6_3683,4,25,Female,Northern Cape,Tertiary Certificate,29,3,Yes,1,0
ID_TR6_3684,5,21,Other,Mpumalanga,Matric (Grade 12),23,3,Yes,7,0
ID_TR6_3685,3,44,Female,Free State,Matric (Grade 12),22,4,No,6,0
ID_TR6_3686,5,40,Female,Western Cape,Primary,30,5,Yes,5,0
ID_TR6_3687,4,30,Female,Western Cape,University Degree,41,4,No,4,1
ID_TR6_3688,4,21,Male,Eastern Cape,Matric (Grade 12),62,3,Yes,1,1
ID_TR6_3689,5,20,Other,Western Cape,Matric (Grade 12),60,2,No,2,0
ID_TR6_3690,1,35,Other,Limpopo,Tertiary Certificate,41,1,Yes,5,1
ID_TR6_3691,2,27,Male,Western Cape,Matric (Grade 12),50,6,No,7,1
ID_TR6_3692,1,30,Female,Free State,Primary,17,1,Yes,7,0
ID_TR6_3693,1,37,Other,Northern Cape,Grade 10-11,57,0,No,2,1
ID_TR6_3694,3,42,Female,Free State,Matric (Grade 12),75,0,No,7,0
ID_TR6_3695,5,22,Other,North West,Tertiary Certificate,31,8,Yes,3,0
ID_TR6_3696,5,28,Female,Free State,None,40,2,No,6,1
ID_TR6_3697,3,30,Female,Western Cape,Grade 10-11,64,0,Yes,4,1
ID_TR6_3698,3,21,Male,KwaZulu-Natal,University Degree,46,3,Yes,4,0
ID_TR6_3699,5,20,Female,Free State,University Degree,33,2,Yes,4,1
ID_TR6_3700,3,44,Female,Free State,Tertiary Certificate,51,3,No,3,1
ID_TR6_3701,4,41,Female,Eastern Cape,None,28,2,No,1,0
ID_TR6_3702,4,43,Female,KwaZulu-Natal,Matric (Grade 12),45,5,Yes,7,0
ID_TR6_3703,2,24,Other,Northern Cape,Primary,66,0,Yes,5,1
ID_TR6_3704,2,20,Female,KwaZulu-Natal,Matric (Grade 12),16,2,Yes,4,0
ID_TR6_3705,2,23,Female,Northern Cape,Matric (Grade 12),67,7,Yes,8,0
ID_TR6_3706,3,32,Male,KwaZulu-Natal,University Degree,73,3,Yes,1,1
ID_TR6_3707,1,22,Female,Western Cape,Primary,52,5,No,1,0
ID_TR6_3708,3,19,Other,Mpumalanga,Primary,59,1,No,2,1
ID_TR6_3709,3,23,Other,Gauteng,Matric (Grade 12),41,0,No,7,1
ID_TR6_3710,3,25,Female,Northern Cape,Matric (Grade 12),16,3,Yes,1,0
ID_TR6_3711,4,36,Female,Gauteng,University Degree,56,7,Yes,4,0
ID_TR6_3712,1,29,Female,North West,Matric (Grade 12),80,5,Yes,2,1
ID_TR6_3713,1,25,Male,Gauteng,None,71,1,Yes,1,1
ID_TR6_3714,5,42,Female,Northern Cape,Matric (Grade 12),65,2,Yes,8,0
ID_TR6_3715,5,25,Male,Free State,Matric (Grade 12),58,8,No,1,0
ID_TR6_3716,5,36,Other,Gauteng,Matric (Grade 12),44,2,Yes,2,0
ID_TR6_3717,5,30,Female,Gauteng,None,35,0,Yes,7,0
ID_TR6_3718,1,23,Other,Western Cape,Grade 10-11,68,7,No,4,0
ID_TR6_3719,1,30,Other,North West,Matric (Grade 12),17,6,Yes,6,0
ID_TR6_3720,4,26,Male,Limpopo,Primary,50,5,No,4,0
ID_TR6_3721,3,38,Male,Western Cape,Grade 10-11,16,3,Yes,4,0
ID_TR6_3722,2,39,Male,Northern Cape,Tertiary Certificate,62,3,Yes,5,1
ID_TR6_3723,1,32,Male,Free State,University Degree,76,1,Yes,1,1
ID_TR6_3724,3,31,Female,Mpumalanga,Tertiary Certificate,30,3,Yes,4,1
ID_TR6_3725,5,43,Female,Western Cape,Tertiary Certificate,83,1,No,2,1
ID_TR6_3726,5,26,Female,KwaZulu-Natal,Grade 10-11,84,5,Yes,3,0
ID_TR6_3727,3,29,Other,KwaZulu-Natal,Matric (Grade 12),25,3,Yes,5,0
ID_TR6_3728,1,21,Female,Gauteng,Tertiary Certificate,45,3,Yes,2,0
ID_TR6_3729,2,19,Male,Eastern Cape,Primary,34,1,Yes,4,0
ID_TR6_3730,2,26,Female,Mpumalanga,Primary,38,5,No,4,0
ID_TR6_3731,2,22,Other,Gauteng,Matric (Grade 12),29,2,Yes,7,1
ID_TR6_3732,1,32,Female,Free State,Tertiary Certificate,40,0,Yes,1,1
ID_TR6_3733,3,30,Male,North West,Matric (Grade 12),52,4,Yes,2,0
ID_TR6_3734,3,41,Female,Gauteng,Grade 10-11,63,8,Yes,8,0
ID_TR6_3735,5,21,Male,Limpopo,Tertiary Certificate,75,3,Yes,4,1
ID_TR6_3736,4,37,Female,North West,None,28,6,No,1,0
ID_TR6_3737,3,37,Other,Western Cape,Matric (Grade 12),44,1,Yes,4,1
ID_TR6_3738,2,28,Male,Mpumalanga,Matric (Grade 12),61,5,No,2,1
ID_TR6_3739,4,19,Female,Gauteng,Matric (Grade 12),33,1,No,3,1
ID_TR6_3740,1,21,Male,Western Cape,None,64,3,No,7,1
ID_TR6_3741,3,30,Female,Free State,Matric (Grade 12),40,5,No,5,0
ID_TR6_3742,3,32,Male,Gauteng,Matric (Grade 12),33,2,No,5,0
ID_TR6_3743,3,35,Male,Gauteng,None,70,1,Yes,5,1
ID_TR6_3744,3,42,Male,Northern Cape,Matric (Grade 12),41,3,Yes,6,0
ID_TR6_3745,5,32,Male,Gauteng,University Degree,42,3,Yes,2,1
ID_TR6_3746,3,18,Other,Free State,Matric (Grade 12),54,0,No,4,1
ID_TR6_3747,3,43,Female,North West,None,58,6,No,5,0
ID_TR6_3748,3,33,Male,Western Cape,Primary,61,6,Yes,3,0
ID_TR6_3749,1,19,Female,Free State,Matric (Grade 12),78,1,Yes,5,1
ID_TR6_3750,2,27,Other,Free State,Matric (Grade 12),44,6,No,3,0
ID_TR6_3751,2,34,Other,Free State,Grade 10-11,61,5,Yes,2,1
ID_TR6_3752,5,23,Other,Eastern Cape,Matric (Grade 12),37,8,Yes,3,0
ID_TR6_3753,2,22,Other,Free State,None,46,8,No,3,1
ID_TR6_3754,4,24,Female,Gauteng,Matric (Grade 12),25,5,Yes,8,1
ID_TR6_3755,5,42,Male,Gauteng,Matric (Grade 12),20,3,Yes,2,0
ID_TR6_3756,2,37,Male,Western Cape,None,63,5,No,2,1
ID_TR6_3757,2,45,Female,KwaZulu-Natal,Matric (Grade 12),57,4,Yes,8,0
ID_TR6_3758,4,19,Female,Eastern Cape,Matric (Grade 12),45,1,No,2,1
ID_TR6_3759,1,38,Male,Western Cape,None,54,2,No,6,0
ID_TR6_3760,2,34,Male,Mpumalanga,Primary,56,3,Yes,3,0
ID_TR6_3761,1,38,Female,North West,Matric (Grade 12),67,2,No,8,0
ID_TR6_3762,3,40,Other,Gauteng,Grade 10-11,38,5,Yes,6,0
ID_TR6_3763,3,39,Other,KwaZulu-Natal,Tertiary Certificate,28,0,No,4,0
ID_TR6_3764,5,36,Female,Northern Cape,Matric (Grade 12),59,3,Yes,6,1
ID_TR6_3765,5,21,Female,North West,Matric (Grade 12),77,0,Yes,5,1
ID_TR6_3766,5,25,Male,Free State,University Degree,56,8,Yes,6,1
ID_TR6_3767,3,29,Female,Free State,Matric (Grade 12),42,2,Yes,8,0
ID_TR6_3768,4,23,Female,Gauteng,Matric (Grade 12),43,6,No,8,0
ID_TR6_3769,3,23,Female,KwaZulu-Natal,Primary,44,3,No,1,0
ID_TR6_3770,4,24,Other,Western Cape,Primary,65,7,Yes,3,0
ID_TR6_3771,1,42,Female,Western Cape,Primary,19,3,Yes,3,0
ID_TR6_3772,3,20,Male,Free State,None,33,2,No,8,0
ID_TR6_3773,1,34,Male,Eastern Cape,Tertiary Certificate,63,8,Yes,5,0
ID_TR6_3774,4,20,Male,Northern Cape,Tertiary Certificate,24,2,No,1,0
ID_TR6_3775,4,43,Female,Gauteng,University Degree,74,0,No,7,1
ID_TR6_3776,2,42,Female,Northern Cape,Grade 10-11,49,0,Yes,1,0
ID_TR6_3777,3,45,Female,Free State,Primary,66,3,Yes,5,1
ID_TR6_3778,3,35,Female,Eastern Cape,Matric (Grade 12),37,6,Yes,5,1
ID_TR6_3779,1,37,Male,Limpopo,Grade 10-11,72,3,No,1,1
ID_TR6_3780,2,19,Female,Mpumalanga,Tertiary Certificate,44,0,No,5,0
ID_TR6_3781,2,18,Male,North West,Primary,39,0,Yes,5,0
ID_TR6_3782,4,24,Female,Western Cape,Tertiary Certificate,53,3,Yes,3,1
ID_TR6_3783,4,27,Male,Northern Cape,University Degree,50,4,Yes,4,1
ID_TR6_3784,3,43,Male,Northern Cape,University Degree,41,4,Yes,2,1
ID_TR6_3785,5,45,Other,Eastern Cape,Primary,18,4,Yes,2,0
ID_TR6_3786,3,25,Female,Western Cape,Tertiary Certificate,38,8,Yes,4,1
ID_TR6_3787,3,32,Male,North West,Matric (Grade 12),72,7,Yes,7,0
ID_TR6_3788,2,42,Other,Gauteng,Matric (Grade 12),56,1,Yes,6,0
ID_TR6_3789,1,43,Other,Western Cape,None,25,3,Yes,7,0
ID_TR6_3790,4,36,Female,Limpopo,Grade 10-11,52,0,No,4,0
ID_TR6_3791,2,38,Female,Northern Cape,University Degree,69,7,No,7,0
ID_TR6_3792,1,27,Female,Western Cape,None,43,1,Yes,4,1
ID_TR6_3793,1,24,Female,Limpopo,Primary,55,6,Yes,2,0
ID_TR6_3794,2,25,Other,North West,Matric (Grade 12),71,8,Yes,5,0
ID_TR6_3795,4,28,Male,Western Cape,None,37,1,Yes,6,0
ID_TR6_3796,4,29,Female,Free State,Tertiary Certificate,35,2,Yes,6,0
ID_TR6_3797,5,31,Male,Free State,Matric (Grade 12),45,4,Yes,6,0
ID_TR6_3798,3,28,Female,Gauteng,Matric (Grade 12),48,5,Yes,5,1
ID_TR6_3799,5,29,Male,Northern Cape,Primary,39,2,No,4,0
ID_TR6_3800,2,26,Female,Western Cape,Grade 10-11,28,1,Yes,6,0